IdAtto,IdLuogo,IdTipoAtto,Segnatura,Da,A,AnnoDocumento,MeseDocumento,GiornoDocumento,Indizione,DataCorrente,IdDataAttribuita,Tradizione,IdConservazione,IdFondo,IdBibliografia,Pagine,Numero,Regesto
1,41,27,"Codice 38","21","22",1388,"Dicembre",25,11,"01/00/00 00:00:00",0,"Originale","BGSD","Fontanini",0,,,"Testamentum Moresse ser Flechi.

Millesimo IIIc LXXXVIII, indicione XIa, die vero vigesimo quinato mensis decembris, in Sancto Daniele in domo habitationis infrascripte Moresse, presentibus [..]derico condam Marquardi, Petro condam Nicolay, Leonardo condam Domini Tamburlini, Orlando condam Morassini, Miniuto condam Doti omnibus suprascriptis de Sancto Daniele, Leonardo condam Morassii et Petro condam Iacobi de Mayano, Cumucio condam Culoscii Sabadinuti de Sancto Daniele et Duce filio Petri de la Sega de Ragonea et alliis et cetera.
Morassa filia ser Flechi condam ser Anceloti habitans in Sancto Daniele per gratiam domini nostri Iesu Christi sana mente et scensu, licet languens [...] timens humanam fragilitatem et cetera suarum rerum et bonorum omnium per presens nuncupativum testamentum sine scriptis in hunc modum dispositionem et suum ultimu testamentum facere procuravit. Imprimis quod sepulturam sui corporis iuxit penes eccllesiam Sancti Michaelis. Item legavit eccllesie Sancti Danielis unam quartam frumenti et eccllesiis Sancti Michaelis, Sancti Antonii et Sancte Marie inter muros Sancti Danielis pro singula unam (miçam) frumenti. Item legavit anuatim fieri suum aniversarium cum   sex presbiteris dando eorum cuilibet denarios Aquilegenses sex per infrascriptum heredem suum et quatuor denarios camere Sancti Michaelis supra domo quam habitat dicta Morassa cuius hii sunt confines iuxta Georgium Odorici Pasqualis, iuxta dictam testatricem et iuxta viam publicam et si infrascriptus heres neglexerit facere dictum aniversarium quod dicta eccllesia Sancti Michaelis se impedire valeat de dicta domo et facere dictum aniversarium. Item legavit // domino plebano Sancti Danielis soldos XX et omnibus aliis presbiteris in Sancto Daniele habitantibus pro singulo soldos X semel . Item legavit Canine suam tunicam de panno. Item legavit Filipe condam Marquardi suum fustaneum. Item legavit Margirusse eius amice de Buya unam suam pilipiam. In omnibus autem aliis suis bonis mobillibus et inmobillibus iuribus et actionibus sibi universalem heredem instituit et esse voluit Christoforum eius filium, suos autem comisarios iuxit esse ser Flechum eius patrem, Petrum Nicolay, Federicum Marquardi et Franciscum eius g[enerum]. Et hanc voluit esse suam ultimam voluntatem et suum ultimum testamentum quam et quod valere voluit iure testamenti et si iure testamenti valere non posset voluit valere iure codicilorum et cuiuslibet alterius ultime voluntatis quo melius valere potest et tenere."
2,34,30,"Codice 38","23","23",1388,"Gennaio",2,11,"01/00/00 00:00:00",0,"Originale","BGSD","Fontanini",0,,,"Sententia seu termini Antonii Petri Bruni.

Sub dictis millesimo et indicione, die secundo ianuarii, sub lobia comunis Sancti Danielis, presentibus Liano condam Bruni de Sancto Daniele, Iohanne condam Valeti de Coseglano, çunuto condam Dominici de Cisterna et alliis. Nobillis ser Çulianus gastaldio Sancti Danielis sedens in iudicio cum iuratis suis et habens in potestate sua ibidem detentum Antonium filium Petri Bruni de Sancto Daniele, ratatum de morte condam Palombi de Sancto Daniele et cum ipse dictus gastaldio haberet in iudicio semel et secundo, petiit a iuratis suis quid inde fuerit iuris, quibus sic premissis, prefati iurati, habito prius conscilio et cetera, sententiaverunt quod ex quo talis ratio super eo facta est et terminus secundus est d(...) ad diem presentem pro secundo termino et nemo conparet processurus [in causa] quod dictus gastaldio pro tercio termino alta voce proclamari facere debeat in loco debito quod si quis vult conqueri et opponere [...] ad quindecim dies inter ortum solis et tercius processurus in causa prout fuit iutis quia idem gastaldio paratus erit facere iustitie conplementum omnibus super venientibus. Et emum et incontinenti Augustinus preco comunis Sancti Danielis de mandato dicti gastaldionis proclamavit omnia iuxta sententiam superius latam."
3,35,32,"Codice 38","24","24",1388,"Gennaio",11,11,"01/00/00 00:00:00",0,,"BGSD","Fontanini",0,,,"Procuratorium Odorici.

Sub dictis millesimo et indicione, die XI ianuarii, in Sancto Daniele in stacione Francisci aurificis condam ser Antonii portolani de Valvesono habitantis in Sancto Daniele, presentibus reverendo presbitero Daniele condam Çuli, Andrea condam Pitiani, Antonio filio Petri Bruni omnibus de Sancto Daniele et d[omino] Francisco et alliis. Odoricus condam icolay domine Nicolote de Sancto Daniele omnibus modo et cetera fecit, constituit et ordinavit providos Leonardum Scros eius fratrem de Sancto Daniele et Bertrandum conda Gnoç de Mels habitantem in Utino suos veros procuratores et cetera specialiter in omnibus suis litibus quas habet vel habiturus est cum nobillibus dominis Çuliano condam ser Tocii de Francisco condam ser Simonis de Sancto Daniele occasioniubus quibuscumque et cum quibuscumque aliis et cetera coram reverendissimo domino Fernando partiarcha Ierosolomitano et eius vicariis et cetera ad agendum et cetera, conpromitendum et cetera et generaliter ad omnia alia et cetera, promittens de iudicio sisti et cetera."
4,34,29,"Codice 38","25","25",1388,"Gennaio",13,11,"01/00/00 00:00:00",0,"Originale","BGSD","Fontanini",0,,,"Sententia domine Caterine.

[Sub] dictis millesimo et indicione, die XIII ianuarii, sub lobia comunis [S]ancti Danielis, presentibus domino Glemono condam ser Fante, Petro Nicolay, Leonardo condam Cometti, Simone fabro omnibus de Sancto Daniele et alliis. Coram nobilli ser Çuliano gastaldioni Sancti Danielis et iuratis suis sententiatum extitit ad petitionem honeste domine Katerine olim relicte condam Cumucii de Meduno quod omnia bona nobillia et inmobillia heredum condam dicti Cumucii debeant esse in potestate et nomine conservationis stare penes dictum ser Çulianum et me notarium usque quo evidenter aparebit qui de iure ea bona nomine dictorum heredum habere debebit et cetera."
5,34,35,"Codice 38","26","26",1388,"Gennaio",14,11,"01/00/00 00:00:00",0,,"BGSD","Fontanini",0,,,"Sententia inter Danielem de Ripis et Machoram condam Mesay tamquam potestatem comunis de Ripis.

Sub dictis millesimo et indicione, die XIIIIor ianuarii, sub lobia comunis Sancti Danielis, presentibus providis Articho condam çuti, Nigro condam Martinucii de Sancto Daniele et Petro condam Philipussii de Rodeglano et aliis. Coram nobilli ser Çuliano gastaldioni Sancti Danieli sedente in iudicio cum iuratis suis conparentibus Machora condam Mesay tamquam   potestate comunis de Ripis ex una parte agente et Daniele condam Petri habitante in Sancto Daniele ex altera sententiatum extitit per dictos iuratos quod postquam dictus Daniel renunciaverat vicinee de Ripis quod dictus potestas minime poterat citare vel constringere dictum Danielem tamquam vicinum de Ripis, sed tractare ipsum tamquam adven[am] et quod dictus potestas tenebatur sibi de dampnis expensis factis post quam renunciavit vicinee et cetera."
6,34,30,"Codice 38","27","27",1388,"Gennaio",17,11,"01/00/00 00:00:00",0,"Originale","BGSD","Fontanini",0,,,"Sententia seu termini Antonii Petri Bruni.

Sub dictis millesimo et indicione, die XVII ianuarii, sub lobia comunis Sancti Danielis, presentibus Leonardo condam Cometti, Iacobo filio Lupi preco Andree Galas et Corado condam Iacobi Hendriuçani omn ibus suprascriptis de Sancto Daniele et alliis. Nobillis ser Çulianus gastaldio Sancti Danielis sedens in iudicio et habens ibidem in potestate sua [Anto]nium filium Petri Bruni de Sancto Daniele detentum et ratatum de morte condam Palombi de Sancto Daniele et cum dictus gastaldio habuerit ipsum in iudicio semel, secundo, tercio et quarto, petiis a dictis iuratis quid inde fuerit iuris, quibus sic premissis, prefati iurati, habito prius conscilio bonorum virorum, sententiaverunt quod ex quo talis ratio sic super ea facta est et memo  conparuit ad conquerendum et pro tercio termino hodie est statuitus terminus et nemo conparet ad opponendum super dicto excessu, quod dictus gastaldio alta voce preconiçari facere debeat in loco solito quod si quis persona vult conquereri vel opponere de dicto excessu contra dictum Antonium conparere debeat coram eo a crastina die ad XV dies inter ortum solis et tercias ad oponendum et alegandum super dicto excessu, quia dictus gastaldio erit paratus facere iusticie conplementum omnibus supervenientibus et demum et incontinenti Augustinus preco comunis Sancti Danielis de mandato tamen dicti gastaldionis omnia et singula seriatim iuxta sententiam superius latam totaliter proclamavit."
7,37,32,"Codice 38","28","28",1388,"Gennaio",19,11,"01/00/00 00:00:00",0,"Originale","BGSD","Fontanini",0,,,"Procuratorium Chizani.

Sub dictis M° et indicione, die XVIIIIor ianuarii, in Sancto Daniele penes macelum Sancti Danielis, presentibus provido Andrea condam Pitiani, Orlando et Luvisino fratribus et olim Morassinii omnibus suprascriptis de Sancto Daniele et alliis. Nicolaus dictus Chizanus condam Meynardi de Sancto Daniele omnibus modo et cetera fecit, constituit et ordinavit providum ser Antonium olim ser Candidi de Tulmecio et Poglinum condam [...]  abscentes tamquam presentes et cetera suos veros et certos nuncius et procuratores et cetera specialiter in omnibus suis litibus quas habet vel habiturus est cum Tussutto de Sotclef de Carnea et generaliter cum quibuscumque aliis personis occasionibus quibuscumque et cetera coram reverendissimo domino Fernando patriarcha Ierosolomitano et cetera ad agendum et cetera, promittens de iudicio sisti et cetera."
8,33,36,"Codice 38","29","31",1388,"Gennaio",21,11,"01/00/00 00:00:00",0,"Originale","BGSD","Fontanini",0,,,"Divisio inter Danielem, Cualum et Pupissium fratres et condam Mathie.

Sub dictis M° et indicione, die XXI ianuarii, in Sancto Daniele sub portucubus domus heredum condam Martini Lupi penes forum, presentibus providis Leonardo condam Cometti, Mulitino condam Mulli, Daniele condam Vidualis, Missoya condam Çunutti et Petro Mar omnibus de Sancto Daniele et alliis. Daniel condam Mathie Çot de Sancto Daniele ex una parte et Culaus eius frater ex secunda parte ac Pupissius eorum frater ex tercia parte, volentes venire ad divisionem omnium suorum bonorum presencium et futurorum, fecerunt tres partes in una quarum posuerunt infrascripta bona, videlicet in primis unam domum tegulis copertam et duas canipas paleis copertas scitas intra muros Sancti Danielis, quarum hii sunt confines iuxta viam publicam eundo ad eccllesiam Sancte Marie, iuxta quandam andronam, iuxta Çunutum condam Andree de Sancto Daniele et iuxta viam publicam eorum. Item unam aryam paleis copertam scitam in Sancto Daniele iuxta canipam eccllesie Sancti iacobi de Coseglano, iuxta andronam, iuxta suprascriptum Danielem Çot, iuxta viam publicam. Item unam peciam terre vacue intra muros Sancti Danielis iuxta dictum Danielem, iuxta dictum Culaum a duabus partibus et iuxta viam antedictam. Item unam medietatem pastanatam in pertinenciis Sancti Danielis iuxta Misoyam, iuxta Culautum Çuliane, iuxta Federicum Marquardi et iuxta quoddam iter. Item unum campum iuxta Muttum Agnetis, iuxta viam publicam, iuxta comugnam. Item terciam aprtem unius prati dictorum fratrum in collo longo. Item terciam partem non divisam unius mansi dictorum fratrum scitam in villa nova // c. 30 [...] quidem pars pervenit in parte suprascripti Pupissii de q[...] parte dictus Pupissius vocavit se fore bene contentum. In secunda quidem parte posuerunt medietatem unius domus tegulis coperte intra muros Sancti Danielis iuxta Odoricum Armiline, [iuxta] viam publicam, iuxta Danielem fratrem dicti Culay. Item una aliam domum paleis copertam iuxta dictam domum tegularum iuxta viam publicam eundo ad eccllesiam Sancte Marie. Item unam peciam terre vacue scitam iuxta dictam domum paleis copertam iuxta dictam medietatem domus tegularum et iuxta eorum viam publicam. Item unam aliam domum paleis copertam cum certo muro et sidi[mine]   scitam iuxta dictum Odoricum Armiline, iuxta terram vacuam antedictam dicti Pupissii a duabus partibus et iuxta viam publicam. Item unam medietatem terre pastanatam scitam in confinibus Sancti Danielis supra castrum, iuxta Odoricum Armiline, iuxta pretum de Agar, iuxta viam publicam. Item medietatem unius cami iuxta viam piçulam, iuxta heredes condam Leonardi Milucii et iuxta Danielem Çot et iuxta unum iter. Item terciam partem dicti prati in colo longo scitam. Item terciam partem suprascripti mansi in vila nova scitam, que quidem pars pervenit dicto Culao de qua quidem parte vocavit se fore bene contentum. In tercia vero parte posuerunt aliam medietatem dicte domus tegulis copertam iuxta viam publicam eundo ad eccllesiam Sancte Marie iuxta dictum Culaum a duabus aprtibus et iuxta viam publicam. Item duas canipas paleis copertam  cum pecia terre ante scita vacua<m> iuxta Pièupissum antedictum, iuxta viam publicam eorum et iuxta dictum Çunutum etiuxta andronam. Item unam aliam canipam // c. 31 [te]gilis copertam iuxta dictum Çunutum, iuxta Candelaryam, iuxta viam publicam et iuxta unam andronam. Item medietatem unius campi in Sclavanesca iuxta Culaum suum fratrem, iuxta heredes condam Leonardi Milucii, iuxta Buttum et iuxta unum iter. Item unam medietatem in Cartoleto iuxta Petrum urba, iuxta Culescium Sabadinuti, iuxta vias publicas. Item terciam partem dicti prati in collo longo. Item tercium dicti mansi in villa nova vel si qui et cetera, que quidem pervenit suprascripto Danieli condam Mathie Çotti de qua vocavit se fore bene contentum, cum omnibus tamen iuribus et pertinenciis dictorum bonorum et cetera, renunciantes dicti fratres exceptioni dictarum partium et cetera, constituentes et cetera ad habendum et cetera, promittentes dicte partes sibi invicem solempnibus stipulationibus et cetera dictam divisionem et omnia suprascripta perpetuo firma habere et ullo tempore litem non movere sini invicem, sed pocius in iure paribus expensis dicta bona a se divisa manutenere et cetera ab omni homine et cetera sub pena dupli et cetera, qua soluta et cetera."
9,36,37,"Codice 38","32","32",1388,"Gennaio",21,11,"01/00/00 00:00:00",0,"Originale","BGSD","Fontanini",0,,,"Emptio Andree.
Publicata.

Sub dictis millesimo, indicione et die, in Sancto Daniele sub portucubus domus Mussesse, presentibus ser Antonio condam ser Candidi de [...], Antonio notario condam Nicolay Pisani, Leonardo condam Dominici Ta(m)[...] de Sancto Daniele et alliis. Leonardus Rupriture condam ser Miculi de Sancto Daniele precio et foro viginti linrarum soldorum Veronensium parvulorum quod totum precium ipse fuit contentus et confessus habuisse et integre recepisse ab Andrea condam ser Pitiani de Sancto Daniele, renuncians exceptioni sibi non dati et cetera per se et cetera iure proprii et in perpetuum dedit, vendidit et tradidit antedicto Andree stipulanti ementi et recipienti pro se et cetera unam domum cum curia simul posita et cum toto muro penes scitam in Sancto Daniele extra portam cuius hii sunt confines iuxta Dominicum Auliveti de Stalis, iuxta quandam andronam et iuxta vias publicas vel si qui et cetera cum omnibus et singulis que continentur infra dictos confines vel alios si qui forent et cum omnibus que sunt supra et infra et cum omnibus suis iuribus et cetera ad habendum, tenendum et cetera, constituens se et cetera, promittens dictus venditor per se et cetera et cum obligatione omnium suorum bonorum et cetera dictam venditionem et omnia suprascripta perpetuo firma habere et ullo tempore litem non movere et cetera, sed pocius in iure legiptime defendere et manutenere dictam domum cum dicta curia ab omni homine et persona et non contrafacere et cetera sub pena dupli et cetera qua soluta vel non presens instrumentum obtineat plenum robur et cetera."
10,36,11,"Codice 38","33","33",1388,"Gennaio",21,11,"01/00/00 00:00:00",0,"Originale","BGSD","Fontanini",0,,,"Locatio dicti Andree.

[Sub] dictis M°, indicione, die, loco et testibus. Andreas condam Pitiani de Sancto Daniele per se et cetera dedit, locavit et affictavit Leonardo Rupertine condam ser Miculi de Sancto Daniele stipulanti et recipienti pro se et cetera unam domum cum curia et muro penes scitam extra portam Sancti Danielis cuius hii sunt confines ab una parte possidet Dominicus Aulineti de Stalis, a secunda est una androna, a tercia et a quarta sunt vie publice vel si qui et cetera cum omnibus que dicta domus et curia habt supra se, intra et infra a celo usque ad abissum et cum omnibus iuribus dicte domui et curie spectantibus et cetera, iure tamen livelli perpetualis et cum omni iure spangandi et dispangandi et cetera ad habendum, tenendum et cetera, solvendo tamen anuatim dicto locatori vel eius heredibus in circhumcisione Domini iure livelli perpetualis vigintiquatuor denarios novos Aquilegiensis monete et nil aliud, constituens se et cetera, promittens dictus locator per se et cetera eidem conductori stipulanti pro se et cetera ictam locationem et omnia et singula suprascripta perpetuo firma habere et ullo tempore litem non movere, sed in iure legiptime defendere et dicta bona locata manutenere ab omni homine et persona et non contrafacere et cetera sub pena dupli et cetera, qua soluta vel non presens instrumentum et omnia in eo contenta obtineant plenum robur et cetera.

Frixacenses XXIIIIor."
11,38,32,"Codice 38","34","34",1388,"Gennaio",24,11,"01/00/00 00:00:00",0,"Originale","BGSD","Fontanini",0,,,"Procuratorium Odorici Nicolay.

Sub dictis M° et indicione, die XXIIIIor ianuarii, penes stacionem V[...] sartoris de Sancto Daniele, presentibus ser Çulianum condam ser Tocii, Petro Turba et Alberto condam ser Artici de Farla et alliis. Odoricus condam Nicolay de Sancto Daniele omnibus modo et cetera fecit, constituit et ordinavit providum Petrum fratrem suum suum procuratorem in omnibus suis litibus quas habet cum Margareta olim Ausseti de Mayano et cum quibuscumque aliis causis quibuscumque et cetera et generaliter ad onmia et cetera, promittens de iudicio sisti et cetera."
12,39,17,"Codice 38","35","35",1388,"Gennaio",26,11,"01/00/00 00:00:00",0,"Originale","BGSD","Fontanini",0,,,"Debitum Danielis Lirussi.  

Sub dictis millesimo et indicione, die XXVI ianuarii, super plathea comunis Sancti Danielis, presentibus ser Francisco condam ser Simonis, reverendo fratre domino Iacobino preceptori domus Sancti Tome, Almerico condam Driuce de Sancto Daniele et aliis. Iohannes condam Francisci de Tercio de Carnea per se et cetera et cum obligatione omnium suorum bonorum et cetera promisit et stetit dare, reddere et solvere Danieli condam Lirussii de Sancto Daniele stipulanti et recipienti pro se et cetera quadragintaocto libras soldorum Veronensium parvulorum hinc ad proximum futurum festum resurectionis domini nosri Iesu Christi et hoc pro sexdecim congiis vini terrani habiti et empti a dicto Daniele, renuncians et cetera, promittens dictus debitor eidem creditori solvere et satisfacere sibi in totum et endere eidem in omni loco et terra et non probare finem remissionem et cetera, vocans se fore convictum et cetera."
13,40,37,"Codice 38","35","35",1388,"Gennaio",26,11,"01/00/00 00:00:00",0,"Originale","BGSD","Fontanini",0,,,"Emptio Bertulini Fabri.

Sub dictis millesimo et indicione ac die, in Sancto Daniele sub plathea penes cimiterium eccllesie Sancti Michaelis, presentibus Adamussio condam Meynarducii, Andrea Coradi piscatoris, Leonardo Munyne, Iohanne filio antedicti Adamussii omnibus suprascriptis de Sancto Daniele et alliis. Alexius condam Valterii de Sancto Daniele precio et foro duarum marcharum soldorum Veronensium parvulorum quod totum precium ipse fuit contentus et confessus habuisse et integre recepisse a Bertulino fabro condam Misini de Sancto Daniele, renuncians et cetera per se et eius heredes iure proprii et in perpetuum dedit, vendidit et tradidit antedicto Bertulino stipulanti et ementi pro se et cetera unam peciam terre prative scitam in confinibus Sancti Danieli ultra rivum Pudium iuxta Andream Pitiani, iuxta Leonardum Cometi, iuxta pascuum et vadit ad sortes cum Masarutto vel si qui et cetera cum omnibus suis iuribus et cetera ad habendum, tenendum et cetera, constituens se et cetera, promittens dictus venditor per se et cetera eidem emptori stipulanti pro se et cetera dictam venditionem et omnia suprascripta perpetuo firma habere et ullo tempore litem non movere et cetera, sed in iure legiptime manutenere et cetera et non contrafacere et cetera sub pena dupli et cetera, pr quibus omnibus atendendis et observandis Andreas Coradi piscatoris suprascriptus precibus et instancia dicti venditoris se constituit dicti prati manutentorem et defenssorem, obligans ad hoc omnia sua bona et cetera."
14,36,37,"Codice 38","37","37",1388,"Gennaio",27,11,"01/00/00 00:00:00",0,"Originale","BGSD","Fontanini",0,,,"Emptio Iohannis.

Sub dictis millesimo et indicione, die XXVII ianuarii, in Sancto Daniele sub portucubus domus habitationis Mussesse, presentibus Iacobo condam Pasqualuti, Culiscio condam Petenati, Mathia condam Iohannis Venerii, Odorico condam Nicolay Marçoni, Marcho dicto Çoceglato omnibus suprascriptis de Sancto Daniele et alliis. Dominicus condam Mathiussii dicti Speci de Sancto Daniele precio et foro trium marcharum soldorum Veronensium parvulorum et medii starii bone siliginis, quod totum precium ipse fuit contentus et confessus habuisse et recepisse a Iohanne condam Danielis Bisulini de Sancto Daniele, renuncians et cetera, per se et eius heredes iure decimali dedit, vendidit et tradidit antedicto Iohanni stipulanti et ementi pro se et cetera unam medietatem terre aratorie scitam in confinibus Sancti Danielis iuxta Marchoram Culay Contarti, iuxta comugnam et iuxta stratam publicam vel si qui et cetera cum omnibus suis arboribus, vitibus, nemoribus et cetera et cum omnibus suis iuribus et cetera ad habendum, tenendum et cetera, solvendo tamen anuatim iure decime heredibus condam Nicolay domine Nicolote in festo sancti Iacobi unam meçinam frumenti et nil aliud, constituens se et cetera, primittens dictus venditor per se et cetera et cum obligatione omnium suorum bonorum et cetera eidem emptori stipulanti pro se et cetera dictam venditionem et omnia suprascripta perpetuo firma habere et ullo tempore litem non movere et cetera, sed pocius in iure elgiptime defendere et manutenere dictam medietatem ab omni homine et cetera et non contrafacere et cetera sub pena dupli et cetera, qua soluta vel non presens instrumentum obtineat plenum robur."
15,36,17,"Codice 38","38","38",1388,"Gennaio",27,11,"01/00/00 00:00:00",0,"Originale","BGSD","Fontanini",0,,,"Debitum Petri Nicolay.

Sub dictis millesimo et indicione, die, loco et testibus. Iacobus dictus Primiatus condam Miculissii de Valle de Sancto Daniele per se et cetera et cum obligatione omnium suorum bonorum et cetera promisit et stetit dare et solvere ac reddere provido Petro condam Nicolay domine Nicolote de Sancto Daniele stipulanti et recipienti pro se et cetera sex libras soldorum Veronensium parvulorum hinc ad proximum futurum festum sancti Iacobi nomine puri mutui in se habiti, renuncians et cetera, promittens dictus debitor eidem creditori solvere et satisfacere sibi in totum et rendere eidem in omni loco et cetera et non probare finem remissioneme t cetera, vocans se fore convictum de premissis ac si eum per laudum et sententiam convicisset et cetera."
16,41,17,"Codice 38","39","39",1388,"Gennaio",30,11,"01/00/00 00:00:00",0,"Originale","BGSD","Fontanini",0,,,"Debitum Petri.  

Sub dictis millesimo et indicione, die penultimo ianuarii, in Sancto Daniele in domo habitationis Vidoni sartoris condam Iacobi de Sancto Daniele, presentibus predicto Vidono, Odorico condam Cumucini de Sancto Vito habitante Sancti Danielis et alliis. Franciscus filius Leonardi Cometti de Sancto Daniele per se et cetera et cum obligatione omnium suorum bonorum et cetera promisit et stetit dare, reddere et solvere Petro condam Nicolay domine Nicolote de Sancto Daniele stipulanti pro se et cetera quindecim marchas soldorum Veronensium parvulorum quod totum precium hinc ad proximum futurum festum sancti Iacobi nomine puri et veri mutui in se habiti et cetera, renuncians exceptioni sibi et cetera, promittens dictus debitor eidem creditori solvere et satisfacere sibi in totum et rendere edem in omni loco et cetera et non probare finem remissionem et cetera, vocans se fore convictum et cetera."
17,34,30,"Codice 38","40","40",1388,"Febbraio",1,11,"01/00/00 00:00:00",0,"Originale","BGSD","Fontanini",0,,,"Sententia absolutionis Antonii Petri Bruni.

Sub dictis millesimo et indicione, die prima februarii, in Sancto Daniele [ante] lobia comunis Sancti Danielis, presentibus Articho condam Ançuti, Petro condam Nicolay, Federico condam Marquardi, Andrea condam Morassini et Odorico Russito omnibus suprascriptis de Sancto Daniele et alliis. Ser Çulianus condam ser Tocii gastaldio Sancti Danielis reverendissimi domini Fernandi patriarche Ierosolomitani et cetera sedens in iudicio una<a> cum iuratis suis in loco solito et habens ibidem in potestate sua Antonium filium Petri Bruni de Sancto Daniele ratatum de morte condam Pal[...] de Santo Daniele et cum ipse ser gastaldio habuerit ipsum Antonium in iudicio semel, secundo, tercio et quarto et nunc quinto de gratia s[peciali] propter dictum excessum petiit a iuratis suis quid inde fuerit iuris et que de eo alterius sit facturum, quibus omnibus sic premissis, prefati iurati habito prius conscilio bonorum virorum sententiaverunt quod ex quo talis ratio sic super ei facta est et nemo conparuit terminus asignatus per cridam preconiam ad opponendum et cetera quod dictus Antonius a dictis excessu et ratatione debeat esse liber et absolute iustus et penitus sine culpa in bonis pariter et personis, ita quod a modo possit ire, stare et reddire in partibus et confinibus Sancti Danielis secure et tute prout primo et ante dictum excessum facere solebat sine alicuius dominii impedimento vel gravamine et sic dictus gastaldio auctoritate qua fungitur ibidem absolvit dictum Antonium de dictis crimine et excessu iuxta sententiam superius latam."
18,42,6,"Codice 38","41","41",1388,"Febbraio",2,11,"01/00/00 00:00:00",0,"Originale","BGSD","Fontanini",0,,,"Iurisactionis Danielis Cavianini medietatis unius domus.

Sub dictis millesimo et indicione, die secunda februarii, in Sancto Daniele in domo habitationis Miculote dicte Mussesse, presentibus Odorico Pale de Carpaco, Odorico crano de Albaçana et Fortunaxio condam Iacobi de Masergis et aliis. Nicolaus condam Cumussii de Carpaco habitans in Sancto Daniele per se et cetera et precio et foro traginta trium librarum soldorum Veronensium parvulorum quod totum precium ipse fuit contentus et confessus habuisse et integre recepisse a Daniele condam Chamanini de Sancto Daniele, renuncians et cetera dedit, cessit, transutlit et mandavit dicto Daniele stipulanti ementi et recipienti pro se et cetera omne suum ius et actionem realem vel personalem quam et quod habet seu habere videtur in et super medietatem unius domus quam habet pro indiviso cum Uliana uxore dicti Danielis scitam in Sancto Daniele cuius hii sunt confines iuxta Iohanutum Cicuti, iuxta Simonem Doti, iuxta Petrum Martini de Mayano vel si qui et cetera ad habendum, tenendum et cetera, constituens ipsum procuratorem et ponens ipsum in locum suum tamquam in rem suam propriam, ita quod a modo possit et valeat dictam medietatem domus usufructuare, alienare et cetera, promittens dictus ceditor per se et ceetra dictam cessionem et omnia suprascripta perpetuo firma habere et cetera et non contrafacere et cetera sub pena dupli et cetera, qua soluta vel non presens instrumentum et omnia in eo contenta obtineant plenum robur."
19,42,17,"Codice 38","42","42",1388,"Febbraio",2,11,"01/00/00 00:00:00",0,"Originale","BGSD","Fontanini",0,,,"Debitum Nicolay de Carpaco.  

Sub dictis millesimo, indicione, die, loco et testibus. Daniel condam Cumunuci de Sancto Daniele per se et cetera et cum obligatione omnium suorum bonorum presencium et cetera promisit et stetit dare et reddere Nicolao condam Cumussii de Carpaco stipulanti pro se et cetera traginta tres libras soldorum Veronensium [parvulorum], videlicet sexdecim libras dicte monete hinc ad prozimum futurum festum carnis privii et residium hinc ad mediam quadragesimam proximam futuram nomine puri mutui in se habiti, renuncians et cetera, promittens dictus debitor eidem creditori solvere et satisfacere sibi in totum et rendere eidem in omnium locorum et cetera, vocans se fore convictum de premissis ac se eum per laudum et sententiam convicisset et cetera."
20,43,39,"Codice 38","43","44",1388,"Febbraio",2,11,"01/00/00 00:00:00",0,"Originale","BGSD","Fontanini",0,,,"Matrimonium Culuscii cum Çuana.

Sub dictis millesimo, indicione et die, in Sancto Daniele in curia domus Danielis condam ser Nicoluscii notarii de Meduno, presentibus Civuto condam Ancuti hospitis de Sancto Toma habitante Sancti Danielis, Liano condam Bruni, Federico condam Bilissii et Antonio filio Petribruni ac Christoforo condam Martinucii omnibus de Sancto Daniele, Antonio Driussii de Faganea et alliis. Iohannes Pauglanus condam Çutti de Faganea per se et cetera ac nomine sacramenti promisit facere et curare quod Çuana eius neptis et condam Veneriis fratris dicti Iohannis Pauglani accipiet et laudabit Culuscium filium Iohannis Bruni de Sancto Daniele in suum legiptimum maritum iuxta curie romane mandata, iuris eccllesie Aquilegesis et patrie Foriiulii consuetudinem hinc ad proximum futurum festum resurectionis Domini et e contrario prefatus Iohannes Bruni promisit nomine sacramenti facere sine aliqua exceptione quod dictus Culuscius accipiet et laudabit dictam Çuanam in suam legiptimam uxorem iuxta mandata, iura et consuetudinem suprascriptam, promittens dictus Iohannes Panglanus per se et ceetra dare, tradere et consignare eidem Iohanni stipulanti vice et nomine dicti Culuscii et Çuane nomine dotis et pro fundo dotali dicte Çuane tres marchas denariorum Aquilegensium infra annum et diem postquam eam duxerit domum et unum campum scitum in pertinenciis Mayani cuius hii sunt confines iuxta heredes condam Toni de Maiano, iuxta Gnisutam matrem Çuane, quem ibidem nomine dotis dicte Çuane asignavit et dedit eidem Iohanni. Item pro paramentis unum lectum cum cultra et plumaça et omnia alia paramenta lanea et linea dupla cum una archa de nuce prout fuerit condecens utrique parti, hiis pactis quod si contingerit dictam Çuanam premori ante dictum Culuscium sine eorum comunibus heredibus ad etatem legiptimam venientibus quod dictus Culuscius restituere debeat // c. 44 dotem integram proximioribus dicte Çuane, retinendo [...] se de dicta dote octo  libras soldorum, sed si contingerit [dictum] Culuscium premori ante dictam Çuanam sine cominubus eorum heredibus venientibus ad etatem legiptimam quod dicta Çuana habere debeat de bonis dicti Culuscii libras soldorum duodecim pro contrapactis, promittentes dicte partes sibi invicem, videlicet una pars alteri et cetera solempnibus stipulationibus et cetera prescripta omnia sic attendere et observare et cetera, obligantes ad hec omnia eorum bona presencia et futura et cetera."
21,43,23,"Codice 38","44","44",1388,"Febbraio",2,11,"01/00/00 00:00:00",0,"Originale","BGSD","Fontanini",0,,,"Promissio Iohannis  Panglani de Faganea.

Sub dictis millesimo, indicione, die, loco et testibus. Iohannes Bruni de Sancto Daniele per se et cetera promis<s>it et stetit sine aliqua exceptione et cetera facere et operari quod Çuana condam Venerii de Faganea et uxor futura Culuscii filii dicti Iohannis Bruni faciet plenam finem remissionem et pactum de utlerius non petendo cum suis omnibus capitulis oportunis de omni sua hereditate paterna infra terciam diem postquam fuerit requisitus et eam conduxerit domum suam dicto Iohanni Panglani stipulanti (inter) omnium quorum itnerest et sua, obligans ad hec dictus Iohannes Bruni omnia sua bona presencia et futura, promittens relevare ipsum indempnem et cetera."
22,44,37,"Codice 38","45","45",1388,"Febbraio",3,11,"01/00/00 00:00:00",0,"Originale","BGSD","Fontanini",0,,,"Emptio Antonii Ticiani.

[Anno] millesimo III LXXXVIII, indicione XIa, die tercia februarii, in Sancto Daniele [in via] publica penes portam domus infrascripti Antonii emptoris, presentibus Ioro pelipario condam Odorici et Daniele condam Petenati de Sancto Daniele, Mathiussio filio Dominici Mathiani de Mayano et alliis. Catroy condam Petri Pauloni de Sancto Daniele precio et foro duodecim librarum soldorum Veronensium parvulorum quod totum precium ipsa fuit contenta et confessa habuisse et integre recepisse ab Antonio condam Ticiani de Cenita habitante in Sancto Daniele, renuncians et cetera per se et cetera iure proprii et in perpetuum dedit, vendidit et tradidit antedicto Antonio stipulanti ementi et recipienti pro se et cetera medietatem unius sponde muris scitam intra muros Sancti Danielis que confinat cum dicto Antonio iuxta murum castelanum et iuxta dictam Catroy et iuxta viam publicam vel si qui et cetera cum omnibus que dicta medietas muris habet supra se intra se infra se a celo usque ad abissum et cum omnibus suis iuribus et cetera, ita quod dictus emptor a modo possit laborare, gaudere, usufructuare in et super dicta medietate muris versus dictum emptorem quemadmodum dicta venditrix possit et potest vel poterit super alia medietate versus doum suam ad habendum, tenendum et cetera, constituens se et cetera, promittens dicta venditrix per se et cetera et cum obligatione omnium suorum bonorum et cetera dictam venditionem et omnia suprascripta perpetuo firma habere et ullo tempore litem non movere et cetera, sed in iure legiptime defendere et manutenere ab omni homine et cetera et non contrafacere et cetera sub pena dupli et cetera, qua soluta vel non, presens instrumentum obtineat plenum robur et cetera."
23,45,40,"Codice 38","46","46",1388,"Febbraio",4,11,"01/00/00 00:00:00",0,"Originale","BGSD","Fontanini",0,,,"Treugue inter Odoricum et Iacobum.

Sub dictis millesimo et indicione, die IIIIor februarii, in Sancto Daniele [penes] Seglum, presentibus Iohanne condam Marquardi, Daniele condam Petri Singnore[li], Leonardo condam Dominici Tamburlini et Augustino precone omnibus de Sancto Daniele et alliis. Odoricus condam Cumucini de Sancto Vito habitans in Sancto Daniele pro se suis propinquis et amicis fecit firme et legales treuguas Iacobo de Nugareto stipulanti pro se et cetera hinc ad proximum futurum festum sancti Georgii sub pena quinquaginta librarum soldorum et e contrario Iacobus fecit eidem Odorico sub pena XXV librarum soldorum et cetera."
24,37,17,"Codice 38","47","47",1388,"Febbraio",4,11,"01/00/00 00:00:00",0,"Originale","BGSD","Fontanini",0,,,"Debitum Petri Nicolay.

[Sub dictis] millesimo, indicione et die, in Sancto Daniele penes macelum, presentibus reverendo presbitero Fradocio condam Çassii, Petro Pitassio condam Culoscii de Sancto Daniele et Tomado condam Petri de Susano habitante in Sancto Toma et alliis. Leonardus dictus Medicus condam Miculosii de Turyaco tamquam principalis et Dux de Susano condam Miculi Dreani ut fideiussor per se et cetera et cum obligatione omnium suorum bonorum in solidum promiserunt et steterunt dare redere et satisfacere provido Petro condam Nicolay domine Nicolote stipulanti pro se et cetera nonaginta tres soldos Veronensium parvulorum hinc ad proximum futurum festum sancti Iacobi nomine puri et veri mutui in se habiti et cetera, renuncians exceptioni et cetera, promittentes dicti principalis et fideiussor reddere et solvere sibi in totum et rendere eidem in omni loco et cetera et non probare finem remissionem et cetera, vocaverunt se fore convictos et cetera."
25,32,41,"Codice 38","48","48",1388,"Febbraio",10,11,"01/00/00 00:00:00",0,"Originale","BGSD","Fontanini",0,,,"Finis remissio Danielis Camanini.

Sub dictis M° et indicione, die X februarii, in domo habitationis [...] notarii in Sancto Daniele, presentibus Cumucio condam Petri Martini, Dominico Cussitini de Sancto Daniele, Odorico Pauline de Carpaco, Odorico Ciano de Albaçana, Drea condam Andree de Carpaco et alliis. Cum Daniel Camanini de Sancto Daniele teneretur dare Culao condam Cumussii de Carpaco habitanti in Sancto Daniele traginta tres libras soldorum nomine mutui prout patet quodam instrumento scripto manu meo Georgii notarii, nunc vero coram dictis testibus prefatus Culaus fuit contentus et confessus habuisse et recepisse a dicto Daniele super dicto debito sexdecim libras soldorum Veronensium parvulorum, renuncians et cetera, faciens sibi finem remissionem de dictis sexdecim libris soldorum et cetera, promittens et cetera.
Cum omni melioramento."
26,46,41,"Codice 38","49","49",1388,"Febbraio",12,11,"01/00/00 00:00:00",0,"Originale","BGSD","Fontanini",0,,,"Finis remissio Pilirini.

Sub dictis et indicione, die XII februarii, in Sancto Daniele penes canipam Iacobi Dominici de Sancto Daniele, presentibus providis Alberto condam ser Artici de Farla, Daniele condam Petri Signoreli, Vidono sartore condam Iacobi, Pupissio condam Mathie Çot et Merchioto condam Iohannis Signorelli omnibus suprascriptis de Sancto Daniele et alliis. Cum condam Odoricus Aulmenti de Sancto Daniele et Pilirinus condam dicit Odorici simul et divisim tenerentur et obligati essent dare Nicoluscio dicto Mulitino de Sancto Daniele nomine mutui prout ibidem aserebatur per dictum Pilirinum et Mulitinum contineri quibusdam instrumentis scriptis manu condam ser Nicoluscii notarii de Meduno seu Preti eius filii ac Antonii notarii condam Nicolay Pisani de Sancto Daniele, nunc vero coram dictis testibus et me notario prefatus Mulitinus fuit contentus et confessus habuisse et integre recepisse a dicto Pilirino bonam et integram solutionem et satisfactionem de omnibus et singulis que prefatus Pilirinus et condam Odoricus eius pater tenebantur sibi usque ad diem presentem occasionibus et causis quibuscumque et rationibus inter eos quibuscumque inter eos factis sumatis et calculatis, renuncians exceptioni et cetera, faciens sibi stipulanti pro se et condam patre suo plenam finem remissionem et cetera de omnibus suprascriptis et cetera, absolvens et liberans eum bonam et heredes suos per Aquilianam stipulationem et cetera, volens et mandans quod omne instrumentum, litteras et iura quelibet que aparerent contra dictum Pilirinum seu eius heredes et cetera sint cassi et vana et cetera, promittens dictus Mulitinus per se et cetera dictam finem remissionem et omnia suprascripta perpetuo firma habere et non contrafacere et cetera sub pena dupli et cetera, qua soluta vel non, presens instrumentum obtineat plenum robur et cetera."
27,0,37,"Codice 38","50","50",1388,"Febbraio",12,11,"01/00/00 00:00:00",0,"Originale","BGSD","Fontanini",0,,,"Emptio   Culay Salaruti.

Sub dictis millesimo et indicione, die XII februarii, in Sancto Daniele penes canipam Iohannis condam Pupi, presentibus Ioro pelipario condam Odorici, Iohanne condam Martini Lupi et Petro condam Michaelis, Petro Beçach de Sancto Dniele omnibus suprascriptis et slliis. Leonardus decanus condam Morassii de Marano habitans in Sancto Daniele precio et foro duarum marcharum soldorum Veronensium aprvulorum quod totum precium ipse fuit contentus et confessus habuisse et integre recepisse a Culao condam Salaruti de Sancto Daniele, renuncians et cetera per se et cetera iure livelli perpetualis dedit, vendidit et tradidit antedicto Culao sitpulanti ementi et recipienti pro se et cetera unam peciam terre scitam in Sancto Daniele cuius hii sunt confines iuxta Iohannem testem prefatum, iuxta Mathiussium de Maiano, iuxta viam per quam itur ad turim fiendam et iuxta viam que est inter dictam peciam terre et Antonium notarium de Sancto Daniele vel si qui et cetera cum omnibus et singulis que dicta pecia terre habet supra se intra se infra se et cetera ad habendum, tenendum et cetera  , solvendo tamen anuatim iure livel[l]i perpetualis dicto venditori in circhumcisionis Domini duodecim denarios Aquilegenses et nil aliud, hiis etiam pactis quod dictus Culaus omnibus suis sumptibus et expensis fieri et conpleri debeat fecisse hinc ad terciam diem mensis madii intrantem proxim(i) futur(i) unum murum de uno passo supra terra altum inter terram dicti Antonii notarii et inter viam cum qua confinat dicta pecia terre vendite et latum conpetente et longum prout distat dicta pecia terre, constituens se et cetera, promittens dictus venditor per se et cetera dictam venditionem et omnia suprascripta perpetuo firma habere et ullo tempore litem non movere, sed potius manutenere et cetera et non contrafacere et cetera sub pena dupli et cetera, qua soluta vel non presens instrumentum obtineat plenum robur."
28,47,27,"Codice 38","51","51",1388,"Febbraio",16,11,"01/00/00 00:00:00",0,"Originale","BGSD","Fontanini",0,,,"Testamentum Marchi.

Sub dictis millesimo et indicione, die XVI februarii, in Sancto Daniele in [...]  Marchi condam Iohannis de Riuncicho penes murum castelanum, presentibus Bertulino et Michaele condam Mathie de Sancto Daniele, Machoro condam Vidoni de Coseglano, Martino condam Henrici Çulli de Carpaco, Francisco Nasuto de Farla, Dominico Flandumini de Carpaco et Francisco fratre dicti Dominici Flandumini et alliis ab ore infrascripti testatoris rogatis. Marchus condam Iohannis de Riuncicho per gratiam domini nostri Iseu Christi sanus scensu et intelectu, timens ne intestatus decederet suarum rerum et bonorum omnium per presens nuncupativum testamentum sine scriptis dispositionem et suum ultimum testamentum in hunc modum facere procuravit. Imprimis quidem iussit in sepultura sua septimo et trigesimo fieri prout infrascripte sue heredi videbitur honorifice. In omnibus aliis suis bonis mobillibus et inmobillibus, iuribus et actionibus presentibus et futuris sibi universalem heredem instituit et esse voluit Ulianam suam filiam et uxorem Francisci de Istra habitantis in Sancto Daniele et hanc voluit esse suam ultimam voluntatem et suum ultimum testamentum quam et quod valere voluit iure testamenti et si iure testamenti valere non possit, voluit valere iure codicil[l]orum et cuiuslibet alterius ultime voluntatis quo meluis valere potest et tenere et cetera."
29,48,41,"Codice 38","51","51",1388,"Febbraio",16,11,"01/00/00 00:00:00",0,"Originale","BGSD","Fontanini",0,,,"Finis remissio Tomasini, Petri et Leonardi tutorum Lene facta a dicta Lena.

Sub dictis millesimo, indicione et die, in Sancto Daniele domo habitationis mei Georgii notarii, presentibus Daniela condam Vidalis, Dominico condam Maroldi de Sancto Daniele, Candussio condam Dominici Lanceti de Carpaco, Fortunasio condam Iacobi de Masergis et Marcucio condam Mathie de Ygnano habitante in Sancto Daniele et alliis. Cum Tomasinus condam Sabadini Lucart, Petrus condam Nicolay et Leonardus Munyne de Sancto Daniele constituti fuissent per sententiam tutores Lene et Uliane condam Pauli de Sancto Daniele ad regendum eorum bona et cetera, nunc vero coram dictis testibus et me notario predicta Lena non metu et cetera, sed cum voluntate et conscensu Dominici condam Uliani arçatoris de Puteo mariti dicte Lene ibidem presentis et conscencientis fuit contenta, confessa et manifesta habuisse, audivisse, calculasse et in se recepisse bonam et integram solutionem, rationem et satisfactionem de omnibus et singulis rectis, gubernatis, recepstis et ad manus dictorum tutorum proventis usque ad diem presentem a dictis Tomasino, Petro et Leonardo tutoribus de bonis dicte Lene et sibi spectanti et eprtinenti, renuncians et cetera, faciens dicta Lena per se et cetera ac iurans corporaliter et cetera dictam finem remissionem et omnia suprascripta perpetuo firma habere et cetera et non contrafacere et cetera sub pena et cetera, qua soluta vel non presens instrumentum obtineat plenum robur."
30,34,17,"Codice 38","52","52",1388,"Febbraio",16,11,"01/00/00 00:00:00",0,"Originale","BGSD","Fontanini",0,,,"Debitum Petri Nicolay.  

Sub dictis millesimo, indicione et die, sub lobia comunis Sancti Danielis, presentibus Çuliano condam ser Tocii, Simone fabro condam Meynardi, Daniele condam Petri Signoreli omnibus de Sancto Daniele et alliis. Culaiuta condam Flumiani de Vidulis habitans in Sancto Daniele per se et cetera promisit et stetit dare reddere et solvere Petro condam Nicolay domine Nicolote de Sancto Daniele stipulanti et recipienti pro se et cetera duodecim libras soldorum Veronensium pavulorum hinc ad proximum futurum festum resurectionis Domini et hoc nomine puri mutui et cetera, promittens dictus debitor eidem creditori solvere et satisfacere sibi in totum et respondere eidem in omni loco et cetera, vocans se fore convictum et cetera, pro quibus omnibus atendendis et observandis dictus debitor eidem creditori obligavit et pro pignore mobilli designavit unam suam canipam scitam in Sancto Daniele iuxta Henricum Tose de Carpaco, iuxta Culiscium Masaruti, iuxta rivum et iuxta viam publicam vel si qui et cetera, ita tamen quod liceat eam vendi facere ad incantum si sibi non fuerit persolutum et cetera, promittens se constituere manutentorem cuicumque persone eam ementi ad incantum et cetera."
31,49,33,"Codice 38","54","54",1388,"Febbraio",19,11,"01/00/00 00:00:00",0,"Originale","BGSD","Fontanini",0,,,"Procuratorium ser Tini.

Sub dictis millesimo et indicione, die XVIIII februarii, in Trichano superiori in domo habitationis infrascripti ser Tini, presentibus nobillibus ser Henrico condam ser Iacobi, ser Odorico condam ser Pantaleonis, ser Bartolomeo condam ser Tomasii de Trichano, ser Galvano condam ser Hectoris de Sancto Daniele ac ser Federico condam Pertoldi de Murucio et alliis. Nobillis ser Tinus condam ser Francisci de Trichano superiori omnibus modo et cetera fecit, constituit et ordinavit reverendum presbiterum Agnolum plebanum plebis Sancti Martini de Ripis ac Leonardum dictum Dinucium de Trichano inferiori suos veros et generales procuratores et cetera."
32,49,17,"Codice 38","55","55",1388,"Febbraio",19,11,"01/00/00 00:00:00",0,"Originale","BGSD","Fontanini",0,,,"Debitum Dinucii.

Sub dictis millesimo, indicione, die, loco et testibus. Ser Tinus condam Francisci de Trichano superiori per se et cetera promisit et stetit dare et reddere Leonardo dicto Dinucio condam Nicolay de Trichano inferiori stipulenti pro se et cetera viginti ducatos boni auri et iusti ponderis hinc ad proximum futurum festum resurectionis Domini nostsri nomine ouri et veri mutui in se habiti et cetera, renuncians et cetera, promittens reddere et satisfacere sibi in totum et rendere eidem in omni loco et cetera, pro quibus omnibus observandis idem debitor obligavit et specialiter pro pignore mobilli designavit unum suum mansum scitum in confinibus Trichani inferiori[s] rectum per dictum creditorem et Veronum fratrem suum pro quo solvitur anuatim de affictu tres quarta frumenti totidem avene et milei totidem, vini congia IIIIor, frixacenses XXXII et nil aliud, ita tamen quod liceat vendi facere ad incantum et cetera non obstantibus aliquibus guerris et cetera, promittens se constituere manutentoresm cuicumque persone ipsum ementi ad incantum, vocans se fore de premissis convictum et cetera."
33,50,17,"Codice 38","56","56",1388,"Febbraio",23,11,"01/00/00 00:00:00",0,"Originale","BGSD","Fontanini",0,,,"Debitum Petri Nicolay.  

Sub dictis millesimo et indicione, die XXIII februarii, in Sancto Daniele in canipa Artici condam Ançuti penes macellum, presentibus Nicolao condam çuliani et Vincio condam Pilini de Pignano et Iacobo conda Nicolay de Pers et alliis. Celus condam Mucerii   de Susano tamquam principalis et Abraam condam Leonardi de Susano fideiussor per se et cetera in solidum promiserunt et steterunt dare et reddere Petro condam Nicolay domine Nicolote de Sancto Daniele stipulanti pro se et cetera novem libras soldorum Veronensium parvulorum hinc ad proximum futurum festum sancti Iacobi nomine puri mutui in se habiti et cetera, renuncians et cetera, promittentes dictus debitor [et fideiussor] eidem creditori solvere et statisfacere sibi in totum et rendere sibi in omni loco et cetera et non probare finem remissionem et cetera, vocantes se fore convictos et cetera."
34,34,35,"Codice 38","57","57",1388,"Febbraio",24,11,"01/00/00 00:00:00",0,"Originale","BGSD","Fontanini",0,,,"Testamentum producto per Menicum de Rodeglano.

Sub dictis millesimo et indicione, die XXIIIIor februarii, sub lobia comunis Sancti Danielis, presentibus Marchioto condam Iohannis Signorelli de Sancto Daniele, C[imino]  condam Petri Martini et allis. Coram nobilli ser Çuliano gastaldioni Sancti Danielis et iuratis Sancti Danielis sendentibus in iudicio conparuerunt Leonardus condam Martini de Masergis, Martinus dictus Falo et Iacobus Stele condam Çunuti de Rodeglano tamquam testes producti per Menicum condam Culoscii de Rodeglano in quadam lite et questione vertente inter dictum Menicum tamquam heredem ipsius condam Culoscii et Petrum Rivigna[...]  olim habitantem in Rodeglano occasione cuiusdam fideiussionis facte per dictum Petrum eidem condam Culoscio precibus et instancia Ducis de Rodeglano et primo dato debito sacramento eidm Leonardo, dixit et testificatus fuit quod fuit presens in Rodeglano penes canipam curtine quod condam Dux de Rodeglano confessus fuit emisse et recepisse a dicto condam Culoscio sex urnas vini terrani in ratione sex librarum frixacensium Aquilegensium qualibet urna et ibidem rogavit dictus condam Dux antedictum Petrum quod fideiuberet pro eo in dictis pecuniis contra dictum condam Culoscium, quibus atentis prefatus Petrus precibus dicti condam Ducis fideiubuit eidem condam Culoscio de dictis pecuniis et dampnis si qua occurerint. Interogatus de tempore dixit quod circha tres annos proximos elapsos quibus presentibus et dixit quod pluribus hominibus bone fame quorum nomina ad presens non sciebat. Interoga[tus]  quam partem velet vinci, dixit quod ius habentem.
Item Martinus et Iacobus testes prescripti delato tamen eis debito sacramento dixerunt et testificati fuerunt in omnibus et per totum sicut prefatus Leonardus, qua quidem testificatione ad petitionem dicti Menici heredis dicti condam Culoscii sententiatum ibidem extitit per dictos iuratos habito tamen prius conscilio bonorum virorum quod dictus gastaldio deberet dare nuncium comunis ad pignorandum et de bonis dicti Petri accipiendum usque ad sumam suprascripte fideiussionis et cetera."
35,51,11,"Codice 38","58","58",1388,"Febbraio",24,11,"01/00/00 00:00:00",0,"Originale","BGSD","Fontanini",0,,,"Locatio Antonii notarii facta per me Georgium.

Sub dictis milleismo et indicione, die XXV februarii, in Sancto Daniele penes domum habitationis Antonii notarii condam Nicolay Pisani de Sancto Daniele, presentibus providis Iohanuto condam Cicuti hospitis de Sancto Toma, Vidono sartore condam Iacobi, Nicolao condam Alexii Ancuti et Petro condam Michaelis Çachay omnibus de Sancto Daniele ac Dominico fello fabro et Candussio molendinario ambobus habitantibus in Sancto Daniele et alliis. Ego Georgius condam Francisci notarii de Paluça per me meosque heredes de, loco et afficto Antonio notario condam Nicolay de Sancto Daniele stipulanti pro se et cetera unam domum cum terreno et curtivo penes positam intra muros Sancti Danielis cuius hii sunt confines iuxta Iohannem condam Martini Lupi, iuxta Culaum Salarutt, iuxta Mathiussium de Maiano, iuxta Sabinum, iuxta murum castelanum et iuxta viam publicam vel si qui et cetera cum omni tamne iure spangandi et cetera et cum omnibus que continentur infra dictos confines et cetera, ad habendum, tenendum et cetera, solvendo tamen anuatim iure livelli perpetualis antedicto michi Georgio in festo sancti iacobi stipulanti pro me te cetera tria staria frumenti et eccllesie Sancti Stefani, videlicet perpositure frixacenses Aquilegenses viginti quinque in festo sancte Marie candelarum et nil aliud, pro quo quidem livello trium stariorum frumenti nuatim solvendorum idem Antonius obligavit michi omnia sua bona presentia et futura, constituens et cetera, promittens ego Georgius per me et cetera eidem Antonio notario stipulanti pro se et cetera dictam locationem et omnia suprascripta perpetuo fitma habere et observare et cetera, sed in iure legiptime manutenere et cetera et non contrafacere et cetera sub pena dupli et cetera et in nuncium tenute dicte domus cum curtivo vendite datus fuit Iohanutus testis prefatus."
36,53,17,"Codice 38","59","59",1388,"Febbraio",25,11,"01/00/00 00:00:00",0,"Originale","BGSD","Fontanini",0,,,"Debitum Tibaldi.  

Sub dictis millesimo et indicione et die, in Sancto Daniele penes domum p[...]  Danielis Çulli de Sancto Daniele, presentibus Mulitino conda Mulli et [...]  conda Petri Matroni de Sancto Daniele, Martino condam Andree [de] Villa nova et Culao molendinario fello, Martini de Ygnano et alliis. Cumucius condam Danielis de Sancto Daniele habitans in Spegnimbergo per se et cetera promisit et stetit dare, reddere et solvere Tibaldo condam ser Nicolay de Susano habitanti in Sancto Daniele stipulnti pro se et cetera decem et septem marchas soldorum Veronensium parvulorum et soldos septuaginta hinc ad proximum futurum festum resurectionis domini nostri Iseu Christi et hoc pro traginta uno stario boni frumenti habiti empti et recepti a dicto Tibaldo, renuncians exceptioni sibi non dati non habiti et cetera, promittens dictus debitor eidem creditori solvere et satisfacere sibi in totum et rendere eidem in omni loco et cetera, vocans se fore convictum de premissis et cetera."
37,50,17,"Codice 38","60","60",1388,"Febbraio",26,11,"01/00/00 00:00:00",0,"Originale","BGSD","Fontanini",0,,,"[Debi]tum Artici.

Sub dictis millesimo et indicione, die XXVI februarii, in canipa Artici condam Ançuti de Sancto Daniele, presentibus Nicolao dicto Çavato habitante in Sancto Daniele, Guarnerio condam Odorici de Carpaco et Culao condam Iohannis Varnerii de Maiano et alliis. Tomasinus condam Lucart de Sancto Daniele per se et cetera promisit et stetit dare et reddere Articho condam Ançuti de Sancto Daniele stipulanti pro se et cetera traginta unam libram soldorum Veronensium parvulorum hinc ad proximum futurum festum sancti Michaelis nomine puri mutui in se habiti, renuncians et cetera, promittens dictus debitor eidem creditori solvere et satisfacere sibi in totum et rendere eidem in omni loco et cetera, pro quibus omnibus attendendis et observandis dictus debitor obligavit et specialiter pro pignore mobilli designavit unum suum baiarcium scitum in confinibus Sancti Danielis iuxta Petrum Carnellum, iuxta Odoricum Çot et iuxta viam Ponçani vel si qui et cetera iure tamen aniversarii solvendo frixacenses IIIIor eccllesie Sancti Michaelis, ita quod liceat eum vendi facere ad incantum et cetera, non obstantibus aliquibus gueris et cetera, promittens constituere se manutentorem et suplitorem."
38,54,42,"Codice 38","61","61",1388,"Marzo",2,11,"01/00/00 00:00:00",0,"Originale","BGSD","Fontanini",0,,,"Querela Dominici.  

Anno Domini millesimo IIIc LXXXVIII, indicione XIa, die secunda mensis marcii, in Sancto Daniele penes domum Mussesse, presentibus ser Flecho condam ser Anceloti, ser Glemono condam ser Fante, Antonio notario. Dominicus Çacumine de Sancto Daniele coram dictis testibus conquestus fuit et lamentatus fuit domino Çuliano gastaldioni Sancti Danielis quod hac nocte proxima preterita invenit Lianum de Collo super suo solio furando suum fenum hora medie noctis et ibidem invento idem Liano confesso quod quater fuerat sibi furatus et in signum predictorum acceperat eidem Liano unum pergamassum et unum caputem eiusdem Liani que omnia dederat eidem gastaldioni."
39,48,17,"Codice 38","62","62",1388,"Marzo",3,11,"01/00/00 00:00:00",0,"Originale","BGSD","Fontanini",0,,,"Debitum Dominici.

Sub dictis millesimo et indicione, die tercia marcii, in Sancto Daniele in domo habitationis mei Georgii notarii, presentibus Silvestro condam Çanni de Flaybano, Iacobo condam Iohannis Riçoti de Flaibano, Maseglo condam Iohannis muratoris de Flaibano et alliis. Seraphi[nus]  condam Danielis de Rivota habitans in Sancto Daniele per se et cetera promisit et stetit dare, reddere et solvere Dominico condam Tuniuti de Flaibano sitpulanti pro se et cetera novem staria boni frumenti et novem çumellas (fre?) ac tredecim libras soldorum Veronensium parvulorum et soldos sex hinc ad proximum futurum festum sancti Georgii et hoc nomine puri mutui in se habiti, renuncians et cetera, promittens dictus debitor eidem creditori solvere et satisfacere sibi in totum et rendere eidem in omni loco et ctera et non probare finem remissionem et cetera, vocans se fore convictum et cetera, pro quibus omnibus atendendis et observandis idem debitor eidem creditori obligavit et specialiter pro pignore mobilli designavit unam suam domum scitam in Sancto Daniele iuxta Paulum de Nugareto, iuxta Machoram de Ripis, iuxta murum castelanum et iuxta viam publicam vel si qui et cetera, ita tamen quod liceat et cetera et promisit se constituere manutentorem et suplitorem et cetera."
40,50,17,"Codice 38","63","63",1388,"Marzo",8,11,"01/00/00 00:00:00",0,"Originale","BGSD","Fontanini",0,,,"Debitum Petri Nicolay.  

Sub dictis M° et indicionem die octavo marcii, in Sancto Daniele in canipa Artici condam Ançuti penes macelum, presentibus antedicto Articho condam Ançuti, Mathiusio condam Michaelis de Sancto Daniele, Simone molendinario de Carpaco habitante in Sancto Daniele et alliis. Nicolaus dictus Çavatus habitans in Sancto Daniele per se et cetera promisit et stetit dare et reddere Petro condam Nicolay de Sancto Daniele stipulanti pr se et ctera quatuor ducatos boni auri et iusti ponderis hinc ad proximum futurum festum resurectionis Domini nostri et hoc nomine mutui puri in se habiti, renuncians et cetera, promittens reddere et satisfacere sibi in totum et rendere eidem in omni loco et cetera et non probare finem remissionem et cetera, pro quibus omnibus atendendis idem debitor obligavit et specialiter pro pignore mobilli designavit eidem creditori unam suam canipam scitam in Sancto Dniele iuxta Tosum de Vidulis, iuxta pasculum de Farla, iuxta Culaum fabrum et iuxta viam publicam iure livel[l]li, ita tamen quod liceat et cetera et promisit se constituere manutentorem cuicumque persone illam ementi ad incantum et cetera."
41,55,17,"Codice 38","64","64",1388,"Marzo",12,11,"01/00/00 00:00:00",0,"Originale","BGSD","Fontanini",0,,,"Debitum presbiteri Iohannis plebani Sancti Danielis.  

Sub dictis millesimo et indicione, die XII marcii, in Sancto Daniele in domo habitationis infrascripti presbiteri Iohannis, presentibus Martino condam Andree de Vila nova, Melchiore condam Iohannis Signorelli et Iohanne filio Petri Manicii de Sancto Daniele et alliis. Lya condam Michaelis de Sancto Daniele per se et cetera promisit et stetit dare et solvere reverendo domino presbitero Iohanni plebano Sancti Danielis  stipulanti et recipienti pro se et cteera quadragintaduas libras cum dimidia soldorum Veronensium parvulorum hinc ad proximum futurum festum sancti Michaelis et hoc pro decem stariis siliginis in se habitis et emptis a dicto presbitero Iohanne, renuncians et cetera, promittens dictus debitor eidem creditori solvere et satisfacere sibi in totum et rendere eidem in omni loco et cetera, vocans se fore convictum et cetera, pro quibus omnibus atendendis et observandis idem debitor obligavit eidem creditori et spacialiter pro pignore mobilli designavit unam suam canipam iure livelli scitam in Sancto Daniele iuxta Petrum Turba, iuxta Dominicum Brune de Susano, ita tamen quod liceat eam vendi facere ad incantum et cetera, non obstantibus et cetera et promisit se constituere manutentorem et suplitorem et cetera."
42,56,41,"Codice 38","65","65",1388,"Marzo",15,11,"01/00/00 00:00:00",0,"Originale","BGSD","Fontanini",0,,,"Finis remissio dotis Margarusse facte per Michaelem.

Sub dictis millesimo et indicione, die XV marcii, in Sancto Daniele penes canipas Leonardi et Petri fratrum condam Cometi de Sancto Daniele, presentibus dicto Leonardo, Cumucio condam Miculisii Tutussii, Culao condam Billissii Cometti de Sancto Daniele, Toso condam Odorici de Vidulis et Seraphino condam Danielis de Rivota et alliis. Cum Petrus condam Cometti de Sancto Daniele teneretur et obligatus esset dare Michaeli filio Pacassii de Sancto Daniele quinque marchas denariorum monete Aquilegensis nomine dotis et pro fundo dotali Margarusse filie dicti Petri et uxoris dicti Michaelis prout continetur quodam instrumento scripto manu mei Georgii notarii, nunc vero corm dictis testibus et me notario prefatus Michael fuit contentus et confessus habuisse et integre recepisse a dicto Petro dictas quinque marchas denariorum Aquilegensium nomine dotis et pro fundo dotali dicte Margarusse uxoris dictis Michaelis, renuncians et cetera, faciens sibi finem remissionem absolutionem et pactum de ulterius non petendo de dictis quinque marchis denariorum, absolvens et liberans eum et cetera, promitens dictus Michael per se et cetera dicto Michaeli  stipulanti pro se et cetera dictam finem remissionem et omnia suprascripta perpetuo firma habere et ullo tempore litem non movere et cetera et non contrafacere et cetera, sub pena dupli et cetera, qua soluta vel non et cetera presens instrumentum obtineat plenum robur."
43,51,11,"Codice 38","66","66",1388,"Marzo",27,11,"01/00/00 00:00:00",0,"Originale","BGSD","Fontanini",0,,,"Locatio facta per Glemonum Nicolao de Brayda.

Sub dictis millesimo et indicione, die XXVII marcii, in Sancto Daniele penes domum habitationis Antonii notarii de Sancto Daniele, presentibus ser Çuliano condam ser Tocii, Federico condam Marquardi  et Bernardo condam Simonis de Sancto Daniele et Dominico fabro condam Vendoy de Murucio habitante Sancti Danielis et alliis. Ser Glemonus condam ser Fante de Sancto Daniele per se et cetera dedit, locavit et affictavit Nicolao condam Cumussii de Carpaco habitanti in Sancto Daniele stipulanti pro se et cetera unum baiarcium scitum in Tramerdar et unam medietatem terre aratorie in confinibus Sancti Danielis, cuius baiarcii tals sunt confines iuxta ser Franciscum de Sancto Daniele, iuxta dictum Dominicum testem, iuxta Leonardum Gyavilinum et iuxta viam publicam, medietate antedicte tales sunt confines iuxta dictum locatorem, iuxta vias publicas et iuxta rivum Valariane vel si qui et cetera iure livelli perpetualis cum omnibus que dicta bona habent supra se intra se infra se et cetera et cum omni iure spangandi et dispangandi dicta bona et se de dictis bonis intromittendi si sibi non fuerit persolutum de infrascripto livello iuxta consuetudinem livellorum hactenus in patria Foriiulii observatam, ad habendum, tenendum et cetera, solvendo tamen anuatim iure livelli perpetualis dicto locatori vel suis heredibus in festo sancti Michaelis unum starium puri frumenti et duo congia vini terrani et unam spatulam porcinam et nil aliud, constituens se et cetera, promittens dictus locator per se et cetera eidem conductori stipulanti pro se et cetera dictam locationem et omnia suprascripta perpetuo firma habere et ullo tempore litem non movere, sed pocius dicta bona locata manutenere ab omni homine et persona et non contrafacere et cetera sub pena dupli et cetera, qua soluta vel omnia suprascripa obtineant plenum robur."
44,39,17,"Codice 38","67","67",1388,"Marzo",30,11,"01/00/00 00:00:00",0,"Originale","BGSD","Fontanini",0,,,"Debitum Mulitini.  

Sub dictis millesimo et indicione, die penultimo marcii, super platea comunis Sancti Danielis, presentibus Dominico Çacumine, Tomado condam Culissii Bruni et Rodulfo condam Nicolay de Sancto Daniele et alliis. Petrus condam Philipi Egidii fabri de Sancto Daniele   per se et cetera promisit et stetit dare et solvere Mulitino condam Mulli de Sancto Daniele stipulanti pro se et cetera vigintiquinque libras soldorum hinc ad proximum futurum festum sancti Iacobi pro uno bove pili rubei in se habiti et empti, renuncians et cetera, pro quibus atendendis idem debitor obligavit et designavit eidem creditori unum suum campum scitum in confinibus Sancti Danielis iuxta troyum Masani, iuxta dictum debitorem, iuxta Culaum Çoti et iuxta vel si qui et cetera, ita tamen quod liceat eum vendi facere ad incantum et cetera et vocavit se fore convictum et cetera."
45,57,17,"Codice 38","68","68",1388,"Aprile",4,11,"01/00/00 00:00:00",0,"Originale","BGSD","Fontanini",0,,,"Debitum plebani Sancti Danielis.   

Sub dictis M° et indicione, die IIIIor aprilis, in curia domus habitationis infrascripti creditoris, presentibus reverendo presbitero Fradocio condam Çassi, Bertulino portario et Çunuto filio infrascripti debitoris omnibus de Sancto Daniele et alliis. Petrus Margareti de Sancto Daniele per se et ceetra et cum obligatione et cetera promisit et stetit dare, red[d]ere et solvere reverendo presbitero Iohanni plebano Sancti Danielis  stipulanti et recipienti pro se et cetera tres marchas soldorum Veronensium parvulorum hinc ad proximum futurum festum sancti Michaelis pro sex stariis bone siliginis habite et empte a dicto creditore, renuncians et cetera, promittens dictus debitor eidem creditori solvere et satisfacere sibi in totum et rendere eidem in omni loco et cetera et non probare finem remissionem et cetera, vocans se fore convictum de premissis et cetera, pro quibus omnibus attendendis et observandis idem debitor obligavit et specialiter designavit eidem creditori pro pignore mobilli unam suam canipam scitam intra muros Sancti Danielis iuxta Danielem Vidalis, iuxta Tonium de Coseglano, iuxta murum castelanum et iuxta viam publicam vel si qui et cetera, ita tamen quod liceat eam vendi facere ad incantum si sibi non fuerit de dicto debito in dicto termino integraliter satisfactum non obstantibus aliquibus guerris et ceetra, promittens se constituere manutentorem cuicumque persone eam ementi ad incantum et cetera."
46,58,17,"Codice 38","69","69",1388,"Aprile",6,11,"01/00/00 00:00:00",0,"Originale","BGSD","Fontanini",0,,,"Debitum Henrici.

Sub dictis millesimo et indicione, die VI aprilis, in burgo Trich[cani]  superioris penes canipam infrascripti creditoris, presentibus Culao condam Iohannis Muculini et Nicolao condam Iacobi ambobus de Cisterna et alliis. Ibique Tonsus condam filius Mathiussii molendinarii de Trichano inferiori pro se et cetera et cum obligatione omnium suorum bonorum et cetera promisit [et stetit]  dare et reddere Henrico condam Nicolay ser Roperti stipulanti pro se et cetera quatuor marchas soldorum Veronensium parvulorum medietatem hinc ad proximum futurum festum sancti Iacobi et residium hinc ad proximum festum sancti Michaelis nomine puri mutui in se habiti, renuncians et cetera, promittens et cetera, vocans se fore convictum et cetera."
47,49,45,"Codice 38","70","70",1388,"Aprile",6,11,"01/00/00 00:00:00",0,"Originale","BGSD","Fontanini",0,,,"Manumissio Culuscii Landine.

Sub dictis millesimo, indicione et die, in burgo Trichani su[periori]  super sola domus habitationis infrascripti ser Tini, presentibus nobillibus dominis Henrico condam ser Iacobi, ser Odorico condam ser Pantaleonis, ser Bartolomeo condam ser Tomasii et Henrico condam Nicolay, ser [...]  de Trichano omnibus. Ibique domina Lyussa condam domini Coradele [de]   Sancto Daniele et uxor nobillis domini Tini condam ser Francisci de Trichano superiori ac cum voluntate et conscensu dicti sui mariti p[...]  ac intuitu pietatis et ob remissionem peccatorum condam Iacobi [patris sui]  filii et suorum ac propter grata servicia et cetera habita a Culuscio condam Dominici Çarbini de Trichano inferiori dicte domine Lyusse homine de masnata ibidem presente et humiliter postulante cum omnibus suis liberis masculis et feminis ex eis natis et nascituris et cum toto suo peculio et cum omnibus suis bonis mobilibus et inmobillibus tam presentibus quam futuris libere manumisit et penitus liberavit ab omni iugo et vinculo servitutis quibus sibi astrictus erat et ligatus libere voluntate ac totulo domacionis et cetera, dans et donans eundem Culuscium cum omnibus suis liberis et cetera sancte Eccllesie Aquilegensi, ita quod nullus patriarcha seu rector ipsius Eccllesie a se alienare possit eundem C. Et eius liberos et cetera, sed semper in eiusdem Eccllesie posset et tenuta remaneant, eximens ipsum C. Et eius liberos et cetera penitus et dimittens ex nunc et in perpetuum a sua potestate et dominio et cetera, insuper remixit ex hac hora eidem C. Stipulanti pro se et cetera omnia iura patronatus et cetera quod a modo possit trestari, codicilari et cetera, promittens per se et cetera dicta domina eidem C. Stipulanti pro se et cetera ac iurans et cetera dictas manumissionem donationem et omnia suprascripta perpetuo firma habere et cetere et non contrafacere et cetera sub pena dupli et cetera, qua soluta vel non presens instrumentum obtineat plenum robur. In nuncium tenute datus fuit eidem Culuscio per suprascriptam dominam Lyussam reverendum presbiterum Agnolum vicarium plebis de Ripis in districto Trichani habitantem qui ipsum cum omnibus suis liberis det et offerat super maiori altare dicte Eccllesie Aquilegensis prout moris est.
Cum omni melioramento.
Culuscius condam Dominici Çarbini de Trichano."
48,59,11,"Codice 38","71","71",1388,"Aprile",6,11,"01/00/00 00:00:00",0,"Originale","BGSD","Fontanini",0,,,"Locatio ser Bartolomei facta Odorico Cutto.  

[Sub]  dictis millesimo, indicione et die, in burgo Trichani superioris, presentibus Iohanne condam Vorlici Vidoni de Coseglano, Dominico condam Iohannis [...]  de Cisterna, Flumiano condam Iohannis Camucii habitante in Trichano et alliis. Ser Bartolomeus condam ser Tomassii de Trichano superiori per se et cetera dedit, locavit et livelavit Odorico dicto Cutto de Ripis condam Leonardo Carnelli stipulanti pro se et cetera unam peciam terre unius passi cum dimidio scitam in burgo Trichani superioris iuxta Iacobum Cacor, iuxta eccllesie Sancte Marie domum, iuxta Dyonum et iuxta viam publicam vel si qui et cetera iure livelli perpetualis cum omnibus et singulis que sunt supra intra et infra et cetera ad habendum, tenendum et cetera, solvendo tamen anuatim iure livelli perpetualis dicto locatori vel suis heredibus in circhumcisione Domini denarios Aquilegensis monete quatuor cum dimidio pro dicta pecia terra  et cum omni iure spangandi et dispangandi et cetera, constituens se et cetera, promittens dictus locator per se et cetera eidem conductori stipulanti pro se et cetera dictam locationem et omnia suprascripta perpetuo firma habere et ullo tempore litem non movere et cetera, sed in iure legiptime defendere et manutenere ab omni homine et persona et cetera et non contrafacere et cetera sub pena dupli dicte pecie terre et cetera, qua soluta vel non presens instrumentum obtineat plenum robur et cetera."
49,60,17,"Codice 38","72","72",1388,"Aprile",7,11,"01/00/00 00:00:00",0,"Originale","BGSD","Fontanini",0,,,"Debitum Tofoli.

Sub dictis millesimo et indicione, die VII aprilis, in Sancto Daniele in canipa infrascripti creditoris, presentibus Federico condam Marquardi de Sancto Daniele et Iacomelo condam Tomasii de Vinario [et alliis] . Michilutus condam Mathie de Riuncicho habitans in Sancto Daniele per se et cetera promisit et stetit dare et reddere Tofulo condam Sotte de Sancto Daniele stipulanti pro se et cetera duas marchas soldorum Veronensium parvulorum hinc ad proximum futurum festum sancti Michaelis nomine puri mutui in se habiti et cetera, renuncians exceptioni et cetera, promittens dictus debitor eidem creditori solvere et satisfacere sibi in totum et rendere eidem in omni loco et cetera, pro quibus omnibus atendendis et observandis dictus debitor obligavit et specialiter pro pignore mobilli designavit eidem creditori unam suam canipam scitam in Sancto Daniele iuxta Birtulisium fratrem dicti debitoris, iuxta Culaum Minisini et iuxta viam publicam vel si qui et cetera, ita tamen quod liceat eam vendi facere ad incantum et cetera, vocans se fore convictum et cetera."
50,50,17,"Codice 38","73","73",1388,"Aprile",12,11,"01/00/00 00:00:00",0,"Originale","BGSD","Fontanini",0,,,"Debitum Petri Nicolay.  

Sub dictis M° et indicione, die XII aprilis, in Sancto Daniele in canipa Artici olim Ançuti de Sancto Daniele, presentibus Tosulo condam Francisci de Sancto Daniele, Iacobo condam <condam> Nicolau de Pers et Odorico Palme de Carpaco et alliis. Martinus condam Dominici et Menis condam Buotri de Susano per se et cetera in solidum promiserunt et steterunt dare et solvere provido Petro condam Nicolay domine Nicolote de Sancto Daniele stipulanti pro se et cetera teredecim libras soldorum Veronensium parvulorum hinc ad proximum futurum festum sancti Iacobi pro tribus stariis siliginis habite empte et recepte a dicto creditore , renuncians exceptioni et cetera, promittentes dicti debitores eidem creditori solvere et satisfacere sibi in totum et rendere eidem in omni loco et cetera, vocantes se fore convictos et cetera."
51,61,41,"Codice 38","74","74",1388,"Aprile",18,11,"01/00/00 00:00:00",0,"Originale","BGSD","Fontanini",0,,,"Finis remissio Laurencii et Radivelli sui patris.

Sub dictis millesimo et indicione, die XVIII aprilis, super macelo Sancti Danielis, presentibus reverendo presbitero Henrico condam Babanici, Alberto condam [ser ...] , Liano olim Bruni, Vidono sartore condam Iacobi et Orlando condam [...]  omnibus de Sancto Daniele et alliis. Cum Radivellus olim Laurencii de Flaybano teneretur et obligatus erat in aliquibus ser Flecho condam ser Ance[loti]  de Buya habitanti in Sancto Daniele, nunc vero coram dictis testibus et me notario dictus ser Flechus fuit contentus et confessus habuisse et integre recepisse a Laurencio filio dicti Radivelli bonam et conpletam rationem et satisfactionem de omnibus et singulis que dicti Radivellus et Laurencius suus filius usque ad diem presentem renentur et obligati sunt dicto ser Flecho sumatis et calculatis et factis rationis quibuscumque inter  , renuncians et cetera, faciens eidem Laurencio stipulanti pro se et dicto Radivelo et eorum heredibus bonam finem remissionem et cetera, absolvens et liberans eos et cetera, volens et mandans quod omne instrumentum quod apareret contra dictos Radivelum et Laurencium sit cassum et vanum et cetera, promittens dictus ser Flechus per se et cetera eidem laurencio stipulanti pro se et cetera dictam finem remissionem et omnia suprascripta perpetuo firma habere et cetera et ullo tempore litem non movere et cetera sub pena dupli et cetera."
52,62,26,"Codice 38","75","75",1388,"Aprile",19,11,"01/00/00 00:00:00",0,"Originale","BGSD","Fontanini",0,,,"Pacta inter Paulum et Franciscum.

[Sub]  dictis millesimo et indicione, die XVIIIIor aprilis, in Sancto Daniele super [...]te  ianue comunis versus Spegnimbergum, presentibus Galvano condam [C]uluscii , Francisco aurifici habitante in Sancto Daniele et alliis. Paulus condam Misini de Gavonis habitans in Sancto Daniele ex una parte et Franciscus condam Iacobi Varnerii de Maiano ex altera ab infrascripta pacta pervenerunt, videlicet quod dictus Paulus teneatur et debeat calceare dictum Franciscum pro usu suorum pedum a proximo futuro festo sancti Georgii ad unum annum conpletum subsequentem omnibus suis expensis, videlicet scapinando, solando et de scarpis novis cum hoc quod dictus Franciscus dare teneatur eidem Paulo unam marcham soldorum Veronensium in duobus terminis, videlicet centum soldos hinc ad proximum festum sancti Iacobi et residium in fine dicti termini sancti Georgii, renunciantes et cetera, promittentes sic atendere et observare, obligantes ad hec omnia eorum bona et cetera."
53,63,17,"Codice 38","76","76",1388,"Aprile",19,11,"01/00/00 00:00:00",0,"Originale","BGSD","Fontanini",0,,,"Debitum Pupissii.  

Sub dictis millesimo, indicione et die, in Sancto Daniele sub portucubus domus stacionis heredum condam Danielis Lupi, presentibus Andrea condam Francisci de Coseglano et Odorico Çiloti de Sancto Daniele et alliis. Leonardus dictus Medicus de Tivuryaco per se et cetera promisit et stetit dare et solvere Pupissio condam Mathie Çot de Sancto Daniele stipulanti et   recipienti pro se et cetera decem libras soldorum hinc ad prosimum futurum festum sancti Michaelis pro panno et carnibus porcinis emptis habitis et receptis a dicto Pupissio, renuncians et cetera, promittens dictus debitor eidem creditori solvere et satisfacere sibi in totum et rendere eidem in omni loco et non probare finem et cetera, vocans se fore convictum et cetera."
54,64,17,"Codice 38","77","77",1388,"Aprile",19,11,"01/00/00 00:00:00",0,"Originale","BGSD","Fontanini",0,,,"Debitum Iohannis molendinarii.

Sub dictis millesimo, indicione et die, in Sancto Daniele penes domum habitationis [...doni]  sartoris de Sancto Daniele et alliis . Iohannes condam Minii Bastani de Susano per se et cetera promisit et stetit dare et reddere Iohanni condam Tonii de Carpaco stipulanti et recipienti pro se et cetera decem et septem libras soldorum Veronensium parvulorum   usque ad proximum festum sancti Iacobi vel octo diebus post nomine puri mutui in se habiti et cetera, renuncians et cetera, vocans se fore convictum et cetera et precibus et instancia dicti debitoris Martinus condam Dominici de Susano fideiussit et pro eo et cetera."
55,38,17,"Codice 38","78","78",1388,"Aprile",20,11,"01/00/00 00:00:00",0,"Originale","BGSD","Fontanini",0,,,"[Debi]tum  Daniele.  

[Sub] dictis millesimo et indicione, die XX aprilis, in Sancto Daniele penes stacionem [...]oni  sartoris, presentibus Odorico Varlinuto de Sancto Daniele et Culao condam Pasussii de Sancto Toma et Candussio molendinario habitante in Sancto Daniele et alliis. Miculus Cirusius condam Iohannis de Cavacio per se et cetera et cum oblgiatione et cetera promisit et stetit dare et solvere Daniele condam Vidalis de Sancto Daniele stipulanti pro se et cetera quadraginta tres libras solforum Veronensium hinc ad proximum festum sancti Michaelis nomine   et pro certa quantitate vini terrani albi empti a dicto Daniela, renuncians et cetera, promittens dictus debitor eidem creditori solvere et satisfacere sibi in totum et rendere eidem in omni loco et cetera et non probare finem et cetera, vocans se fore convictum et cetera."
56,65,17,"Codice 38","79","79",1388,"Aprile",20,11,"01/00/00 00:00:00",0,"Originale","BGSD","Fontanini",0,,,"Debitum Danielis.

[Sub]  dictis millesimo, indicione et die, penes stacionem Iohannis sartoris [condam]  Marquardi de Sancto Daniele, presentibus dicto Iohanne, Henrico dicto Albo de Tercio et Merciglo familiare ser Guarnerii de Sancto Daniele. Ibique Franciscus condam Nicolay de Sudri de Carnea per se et cetera et cum obligatione omnium suorum bonorum presencium et cetera promisit et stetit dare et solvere Danieli condam Lirussii de Sancto Daniele stipulanti pro se et cetera traginta quatuor libras soldorum Veronensium parvulorum hinc ad proximum futurum festum sancti Iohannis nomine et pro certa quantitate vini terrani in se habiti et cetera renuncians et cetera, promittens dictus debitor eidem creditori solvere et satisfacere sibi in totum et rendere eidem in omni loco et cetera, vocans se fore convictum de premissis et cetera."
57,35,26,"Codice 38","80","80",1388,"Aprile",20,11,"01/00/00 00:00:00",0,"Originale","BGSD","Fontanini",0,,,"Pacta inter Danielem et Christoforum.

[Sub]  dictis millesimo, indicione et die, in Sancto Daniele penes stacionem h[...]  Francisci aurificis condam ser Antonii Portolani de Valvesono habitante in Sancto Daniele, presentibus dicto Francisco, Çanuto filio Petri [mum...]  de Sancto Daniele et Macharoto condam Buotri de Susano et aliis. Dan[...]  Culay Lupi de Sancto Daniele ex una parte et Christoforo condam Çassii ex altera ad infrascripta pacta pervenerunt, videlicet quod pignora posu[erunt]  et simul convenerunt quod a proximo festo sancti Georgii ad duos [annos]  proximos subsequentes sias personas debeant mensurare et earum longitudines nscere earum que invenietur minus longa, videlicet cur[are]  debeat dare alteri unum par caligarum precii et valoris quinqua[ginta]  soldorum pro pacto quidem expresso et inter dictas partes valato, renunciantes et [cetera] , promittentes dicte partes sibi invicem, videlicet una pars lteri et cetera per se et [cetera]  et cum obligatione omnium suorum bonorum et cetera dicta pacta sic atend[ere]  et observare et cetera sub oena dupli et cetera."
58,66,11,"Codice 38","81","81",1388,"Aprile",21,11,"01/00/00 00:00:00",0,"Originale","BGSD","Fontanini",0,,,"Locatio Tome.

Anno Domini millesimo tricentesimo octuagesimo octavo, indicione VIa, die XXI aprilis, in Sancto Daniele in via publica penes domum habitationis magistri Laurencii speciarii habitantis in Sancto Daniele, presentibus venerabili fratre Iacobino preceptore hospitalis Sancti Tome, Mulitino condam Mulli et Melchiore condam Iohannis Signorelli de Sancto Daniele et alliis. Ser Glemonus condam ser Fante de Sancto Daniele per se et cetera dedit, locavit et livellavit Tome condam Vendoy de Murucio habitanti in Sancto Daniele stipulanti pro se et cetera unam peciam terre scitam in confinibus Sancti Danielis pastanatam vitibus et arboribus cuius hii sunt confines iuxta dictum locatorem, iuxta Dominicum fratrem dicti Tome, iuxta Culaum Nigre et iuxta viam publicam iure livelli perpetualis iuxta consuetudinem livellorum hactenus in patria Foriiulii observatam cum omnibus que dicta pecia terre habet supra se intra se infra se et cetera et cum omni iure spangandi et dispangandi et cetera, ad habendum, tenendum et cetera, constituens se et cetera, solvendo tamen anuatim iure livelli perpetualis dicto locatori vel suis heredibus in festo sancti Michaelis unum starium avene et in nativitate Domini unam galinam et unam spatulam et nil aliud hiis pactis habitis et inter dictas partes valatis quod dictus conductor omnibus suis expensis debeat facere unum fossatum super dicta pecia terre inter se et dictum locatorem et tenere cluturam ydoneam et bonam , promittens dictus locator per se et cetera et cum obligatione omnium suorum bonorum et cetera dictam locationm et omnia suprascripta perpetuo firma habere et ullo tempore litem non movere et cetera, sed in iure legiptime defendere et manutenere dictam peciam terre ab omni homine et persona et non contrafacere et cetera sub pena dupli et cetera qua soluta vel non presens instrumentum obtineat plenum robur."
59,67,17,"Codice 38","82","82",1388,"Aprile",24,11,"01/00/00 00:00:00",0,"Originale","BGSD","Fontanini",0,,,"Debitum Danielis Lirussii.  

[Sub]  dictis millesimo et indicione, die XXIIIIor aprilis, in Sancto Daniele penes domus habitationis Iohannis peliparii condam Martini Lupi, presentibus [Iohanne]  arçatore condam Nicolay de Masergis, Melchiore condam Iohannis S[ignorelli]  de Sancto Daniele, Madrisano condam Madrisani de Ripis et alliis. D[ominicus]  condam Culay de Sancto Odorico per se et cetera promisit et stetit sare et solvere Danieli condam Lirussii de Sancto Daniele stipulanti pro se et cetera undecim libras denariorum novorum monete Aquilegensis hinc ad proximum futurum festum sancti Michaelis pro carnibus porcinis habitis et emptis a dicto Daniele, renuncians et cetera, promittens dictus debitor eidem creditori solvere et satisfacere sibi in totum et rendere eidem in omni loco et cetera, vocans se fore convictum et cetera, pro quibus atendendis et precibus dicti debitoris Venutus Cucissii condam Venuti de Carpaco de una marcha frixacensium suprascripti debiti extitit fideiussor et principalis debitor et dictus Nicolaus pater dicti debitoris de residio extitit fideiussor et principalis debitor, obligantes ad hoc omnia eorum bona presentia et futura renunciantesque omni alio iuri et cetera."
60,68,17,"Codice 38","83","83",1388,"Aprile",24,11,"01/00/00 00:00:00",0,"Originale","BGSD","Fontanini",0,,,"Debitum Andree Morassini.  

[Sub]  dictis M° et indicione et die, in Sancto Daniele penes domum habitationis [A]ugustini preconis de Sancto Daniele, presentibus providis Petro condam Iohannis [...]asaruli  de Flaybano, Henrico condam Nicolay de Coseglano, Francischino condam Miculissii de Vale de Sancto Daniele et Çunuto filio Antonii Pilussii de Sancto Daniele et alliis.   Miculus condam Iacobi habitans in Formeas de Carnea principalis debitor et Simon condam Nicolay de Seça habitans in Formeas ut fideiussor in solidum per se et cetera et cum obligatione omnium suorum bonorum et cetera promiserunt et steterunt dare et solvere Andree condam Morassini de Sancto Daniele stipulanti pro se et cetera decem et octo libras soldorum Veronensium parvulorum et unum vasum  hinc ad proximum futurum festum sancti Iohannis baptiste pro uno travo habito et empto a dicto Andrea, renunciantes et cetera, promittentes dicti debitor et fideiussor reddere et satisfacere sibi in totum et rendere eidem in omni loco et cetera et non probare finem remissionem et cetera, vocantes se fore convictos et cetera."
61,68,17,"Codice 38","84","84",1388,"Aprile",24,11,"01/00/00 00:00:00",0,"Originale","BGSD","Fontanini",0,,,"Debitum Andree Morassini.

[Su]b  dictis millesimo, indicione, die, loco et testibus. Simon condam Nicolay de Seça habitans in Formeas de Carnea per se et cetera et cum obligatione omniu suorum bonorum et cetera promisit et stetit dare et solvere Andree condam Morassini de Sancto Daniele stipulanti pro se et cetera undecim libras cum dimidia soldorum Veronensium parvulorum et unum vasum hinc ad proximum futurum festum sancti Iohannis baptiste pro certa quantitate vini terrani habiti et empti a dicto Andrea, renuncians et cetera, promittens dictus debitor eidem creditori solvere et satisfacere sibi in totum atque respondere eidem in omni loco et cetera, vocans se fore convictum et cetera."
62,68,17,"Codice 38","85","85",1388,"Aprile",24,11,"01/00/00 00:00:00",0,"Originale","BGSD","Fontanini",0,,,"Debitum Andree.  

[Sub]  dictis millesimo, indicione, die, loco et testibus. Valterius condam Simonis de Formeas per se et cetera et cum obligatione omnium suorum bonorum et cetera promisit et stetit dare et solvere Andree condam Morassini de Sancto Daniele stipulanti pro se et cetera tres marchas soldorum Veronensium aprvulorum et unum vasum hinc ad proximum futurum festum sancti Iohannis baptiste pro certa quantitate vini terrrani in se habiti et empti a dicto Andrea, renuncians exceptioni et cetera, promittens dictus debitor solvere et satisfacere sibi in totum et rendere eidem in omni loco et cetera et non probare finem et cetera, vocans se fore convictum et cetera."
63,69,40,"Codice 38","86","86",1388,"Aprile",24,11,"01/00/00 00:00:00",0,"Originale","BGSD","Fontanini",0,,,"Treugue inter Odoricum et Iacobum.

[Sub]  dictis millesimo, indicione et die, super foro Sancti Danielis, presentibus M[...]  Daniele Petri Singorelli, Iohanne Martini Lupi et Simone condam [...]  omnibus de Sancto Daniele et alliis. Iacobus condam Francisci de Nugareto[...]  ex una parte et Odoricus condam Cumucini de Sancto Vito ex altera [per se]  et eorum propinquis fecerunt sibi invicem firmas et legales treuguas hinc ad proximum futurum festum sancti Iohannis baptiste, promittentes sic fideliter atendere et observare sub pena centum librarum soldorum et cetera."
64,70,46,"Codice 38","87","87",1388,"Aprile",25,11,"01/00/00 00:00:00",0,"Originale","BGSD","Fontanini",0,,,"[Leon]ardi  Misoye testium productio.

[Sub dictis]  millesimo et indicione, die XXV aprilis, in Sancto Daniele penes [canipam]  heredum olim   Iohannis Nicolay de Sancto Daniele, presentibus [Arti]cho  condam Ançuti, Georgio condam Odorici Pasqualis, Sabinio conadm Odorici et Alberto condam ser Artici et cetera. Coram providis Artico olim Ançuti et Petro olim Nicolay de Sancto Daniele tamquam amicabillibus arbitris et cetera litium et questionum vertencium inter Albertum camerarium eccllesie Sancti Danielis ex una parte agente[m] et Leonardum Misoy de Sancto Daniele ex altera se defendentem occasione unius solaris legati per condam Pasculum eidem eccllesie Sancti Danielis prout ibidem aserebatur et primo dato debito sacramento ad peticionem dicti Misoye Iacobo  condam Bertuli de Sancto Daniele dixit et testificatus fuit quod fuit presens et ipse tamquam camerarius habuit in tenutam et possessionem unum solare condam legatum per condam Pasculum   fraternitati Sancti Danielis supra una cnaipa dicti condam Pasculi. Item dixit quod fuit presens quod condam ser Hector condam domini Coradele dicto Iacobo ente camerario curia ser Hectoris renunciavit omni iuri dicti solaris   in manibus Nicolay olim dicti Pasculi et dictus ser Hector promisit sibi dare nomine fraternitatis unam marcham frixacensium  cum hec quod dictus Nicolaus facere deberet aniversarium dicti condam Pasculi cum traginta duobus denariis Aquilegensibus anuatim et hanc renunciacionem dictus condam ser Hector fecit cum voluntate hominum dicte fraternitatis et tamquam capud prout ibidem dixit dictus condam ser Hector. Interogatus de tempore dixit quod a XVI annis ultra et cetera.
Item Niger Martinucii et camerarius pro tempore  testis poductus et cetera dixit sicut dictus Iacobus in omnibus salvo quod ipse dixit quod congregata dicta fraternitatedeliberatum extitit quod dicta renunciatio debebat fieri et cum suo conscensu dictus condam ser Hectore fecerat dictam tenunciationem.
Item Miculus de Villanova testis productus et cetera dixit quod fuit presens quod Misoya petebat unam amrcham a dicto condam ser Hectore pro dicta renuntiatione et dictus condam ser Hector promisit sibi dre si dicta fraternitas non daret."
65,71,17,"Codice 38","88","88",1388,"Aprile",26,11,"01/00/00 00:00:00",0,"Originale","BGSD","Fontanini",0,,,"Debitum Danielis Lirussii.  

[Sub]  dictis millesimo et indicione, die XXVI aprilis, in Sancto Daniele in c[anipa]  [Cu]mucii  Iohannis Marchulini de Sancto Daniele, presentibus dicto C[umucio]  et Culao condam Pasussii de Sancto Toma et alliis. Franciscus filius [...]  Cometi de Sancto Daniele per se et cetera promisit et stetit dare et solvere Danieli condam Lirussii de Sancto Daniele stipulanti pro se et cetera decem et octo libras soldorum Veronensiu parvulorum hinc ad proximum festum sancti Michaelis pro quadraginta paribus scarparum hanitis et emptis a dicto Daniele, renuncians exceptioni et cetera, promittens dictus debitor eidem creditori solvere et satisfacere sibi in totum et rendere eidem in omni loco et cetera et non probare finem et cetera, vocans se fore convictum et cetera."
66,48,41,"Codice 38","89","89",1388,"Aprile",28,11,"01/00/00 00:00:00",0,"Originale","BGSD","Fontanini",0,,,"Finis remissio Danielis Petri Singnoreli.

[Su]b  dictis millesimo et indicione, die XXVIII aprilis, in Sancto Daniele s[...]  [...]da  domus habitationis mei Georgii notarii, presentibus Michaele condam Leonardi Toni de Ripis, Egidio filio dicti Michaelis, Daniele condam Petri de Rodeglano habitante in Sancto Daniele, Minico condam Iohannis de Gavonis, Venuto condam Tuniussii de Flaybano, Augustino condam Iohannis de Rivota et alliis. Cum Daniel condam Petri Singnorelli de Sancto Daniele tamquam iuratus preteriti anni proximi futuri gererit, gessisset, administraverit bona et hereditarias comunis Sancti Danielis et cetera, nunc vero coram dictis testibus et me notario Bernardus filius Miculi Pelosi tamquam iuratus comunis Sancti Danielis cum voluntate et conscensu nobillis ser Çuliani condam ser Tocii, Mulitini, Andree Pitiani, Iohannis Marquardi, Tini Stocii, Antonii notarii, Iohannis Pecenay, Machoris Culay et Iohannis Michaelis et Leonardi Cometti tamquam hominum conscilii Sancti Danielis et in eorum presencia fuit contentus et confessus habuisse, audivisse, calculasse, sumasse et integraliter recepisse bonam et intergram solutionem, satisfactionem et rationem conpletam a dicto Daniele conda iurato de omnibus et singulis administratis per ipsum Danielem in dicto suo officio iura(tie), renuncins exceptioni et cetera, faciens sibi plenam finem remissionem et cetera, absolvens eum et eius bona et cetera, promittens habere ratum et cetera.
Cum omni melioramento."
67,48,41,"Codice 38","90","90",1388,"Maggio",1,11,"01/00/00 00:00:00",0,"Originale","BGSD","Fontanini",0,,,"Finis remissio Dominice de Flaybano.

[Sub]  dictis millesimo et indicione, die prima madii, in dono habitationis mei Georgii notarii, presentibus Laurencio filio Radiveli de Flaybano, Mathiussio condam Venuti de Nugareto, Culuscio filio Flandrimini de Carpaco, Leonardo condam Michaelis de Ripis et Henrico filio Francisci de Ragonea et aliis. Cum Seraphinus condam Danielis de Rivota habuisset nomine salvamenti et haberet certa bona mobillia a Dominico condam Tuniussii de Flaybano pro quibus nomine nauli aliquod spectaretur lucrum eidem Seraphino, nunc vero coram dictis testibus dictus Seraphinus fuit contentus habuisse a dicto Dominico bonam solutionem de dicto naulo spectante eidem de dictis rebus hucusque conservatis, faciens sibi finem et cetera, promittens habere ratum et cetera."
68,34,47,"Codice 38","91","91",1388,"Maggio",2,11,"01/00/00 00:00:00",0,"Originale","BGSD","Fontanini",0,,,"[...]  ser Hendriussii.

[Sub]   dictis millesimo et indicione, die secunda mensis madii, sub lobia comunis Sancti Danielis, presentibus Petro olim Nicolay, Tibaldo condam ser Nicolay et Simone filio Dominici Vecigli de Masergis omnibus suprascriptis habitantibus in Sancto Daniele et alliis. Coram ser Çuliano gastaldioni Sancti Danielis et iuratis dicti loci conparuit nobillis ser Henriuça condam ser Meynardi de Vilalta et per sententim ibidem latam in iudicio per dictos iuratos obtinuit Augustinum preconem comunis Sancti Danielis ad spangandum certa bona stabilia pro suis affictibus livell(aiis) non solutis et salvo tamen iure cuiuslibet persone iuxta sententiam superius latam datus fuit per dictum gastaldionem eidem ser Hendriussio in nuncium ad spangandum pro suis livelli non solutis Augustinus preco suprascriptus."
69,0,0,,"92","92",1388,"Maggio",2,11,"01/00/00 00:00:00",0,"Originale",,,0,,,"Procuratorium Menige.

[Su]b  dictis millesimo, indicione, die et loco, presentibus Liano condam [...] , Adamussio condam Meynarducii et Petro olim Nicolay omnibus suprascriptis de Sancto Daniele et alliis. Meniga olim relicta Danielis Lupi de Sancto Daniele omnibus modo, via et cetera quibus de iure melius scivit et potuit fecit, constituit et ordinavit Odoricum ser Varnerii de Sancto Daniele suum verum et certum nuncium et legiptimum procuratorem speciliter in omnibus suis litibus quas habet vel habitura est cum Martino condam dicti Danielis et cum quibuscumque personis occasionibus quibuscumque et causis coram quocumque dominio ad agendum et cetera et generaliter et cetera, promtitens et iurans habere ratum et cetera cum omni melioramento."
70,72,17,"Codice 38","93","93",1388,"Maggio",4,11,"01/00/00 00:00:00",0,"Originale","BGSD","Fontanini",0,,,"Debitum Artici.  

[Sub dictis]  millesimo et indicione, die IIIIor madii, in Sancto Daniele penes domum habitationis infrascripti creditoris, presentibus Vorlico condam Fuyacini de Sancto Daniele, Philipo filio Culay de Vilanova et Liveto de Carpaco e alliis. Iorius condam Danielis de Maiano per se et cetera et cum obligatione omnium suorum bonorum presencium et cetera promisit et stetit dare et solvere Articho condam Ançuti de Sancto Daniele stipulanti pro se et cetera duodecim libras soldorum Veronensium parvulorum hinc ad proximum futurum festum sancti Iacobi pro tribus stariis siliginis emptis et habitis a dicto Articho, renuncians et cetera, promittens reddere et satisfacere sibi in totum et rendere eidem in omni loco et non probare finem et cetera, vocans se fore convictum et cetera."
71,35,17,"Codice 38","94","94",1388,"Maggio",6,11,"01/00/00 00:00:00",0,"Originale","BGSD","Fontanini",0,,,"Debitum Mulitini.  

Sub dictis millesimo et indicione, die sexta madii, in Sancto [Daniele ...]  stacion(e) habitationis Francisci aurificis condam ser Antonii de Valvesono habitantis in Sancto Daniele, presentibus Nicolao condam ser Artici de Sancto Daniele et Francisco suprascripto et alliis. Culaus condam Alexii Ançuti de Sancto Daniele per se et cetera et cum obligatione et cetera promisit et stetit dare et solvere Culuscio condam Mulli de Sancto Daniele stipulanti pro se et cetera quatuordecim libras cum dimidia soldorum Veronensium parvulorum hinc ad proximum futurum festum sancti Michaelis pro tribus congiis vini terrani aurelli et uno stario siliginis et uno stario miley in se habitis et emptis, renuncians et cetera, promittens dictus debitor eidem craditori solvere et satisfacere sibi in totum et rendere sibi in omni loco et cetera, pro quibus omnibus atendendis dictus debitor eidem creditori obligavit et specialiter pro pignore mobilli designavit unum suum baiarcium scitum in Sancto Daniele iuxta Iacobum Dominici, iuxta Antonium Çassii et iuxta vias publicas, ita tamen quod liceat eum vendi facere ad incantum et cetera non obstantibus aliquibus guerris et cetera, constituens se manutentorem et cetera, vocans se fore convictum de predictis et cetera."
72,73,17,"Codice 38","95","95",1388,"Maggio",7,11,"01/00/00 00:00:00",0,"Originale","BGSD","Fontanini",0,,,"[Debitu]m  Henrici.

[Sub dictis millesimo]  et indicione, die VII madii, in burgo Trichani [...]s  in canipa infrascripti creditoris, presentibus Micho condam Valve, [...]  filio Mathiussii de Trichano inferiori et alliis. Culaus fiilius Coradi piscatoris de Sancto Daniele principalis debitor et Dominicus frater dicti Culay fideiussor in solidum per se et cetera et cum obligatione omnium suorum bonorum et cetera promiserunt et steterunt dare et solvere Henrico condam Nicolay de Trichano inferiori stipulanti pro se et cetera novem libras soldorum Veronensium parvulorum hinc ad proximum futurum festum sancti Michaelis pro duobus stariis siliginis habitis et emptis a dicto Henrico, renuncians et cetera, promittentes dictus debitor et fideiussor solvere et satisfacere sibi in totum et rendere eidem in omni loco et cetera, vocan[te]s se fore convictos et cetera."
73,35,17,"Codice 38","96","96",1388,"Maggio",9,11,"01/00/00 00:00:00",0,"Originale","BGSD","Fontanini",0,,,"Debitum Andree Pitiani.  

[Sub]  dictis millesimo et indicione, die VIIIIor madii, in Sancto [Daniele ...]  stacion(e) Francisci aurificis condam ser Antonii de Valvesono [...] , presentibus Liano condam Bruni, Iohanuto filio Cicuti hospitis [...] , Antonio filio Petri Bruni omnibus de Sancto Daniele et alliis. Iohannes [condam]  Maylani de Cavacio habitans in Tulmecio per se et cetera et cum obligatione omnim suorum bonorum presencium et cetera promisit et stetit dare et solvere ac reddere Andree condam Pitiani de Sancto Daniele stipulanti pro se et cetera vigintiduas marchas soldorum Veronensium parvulorum et soldos dicte moente quindecim hinc ad proximum futurum festum sancti Iacobi partim nomine puri mutui et partim pro septem cum dimidia urnis vini terra[ni] rubei in se habiti, empti et recepti, renuncians exceptioni et cetera, promittens dictus debitoe eidem creditori solvere reddere et satisfacere sibi in totum et rendere eidem in omni loco et cetera et non probare finem et cetera, vocans se fore convictum et cetera."
74,50,17,"Codice 38","97","97",1388,"Maggio",11,11,"01/00/00 00:00:00",0,"Originale","BGSD","Fontanini",0,,,"Debitum Petri et Artici.  

[Sub dictim m]illesimo  et indicione, die XI madii, in canipa Artici condam [...]  Sancto Daniele, presentibus Petro Ferre, Petro condam Michaelis de Maniacho et Iohanne Rubeo de Carpaco et alliis. Cumucius condam Pechingn[i]  de Sancto Daniele per se et cetera promisit et stetit dare et solvere Petro   condam Nicolay et Articho antedicto de Sancto Daniele stipulanti[bus] pro se et cetera viginti libras soldorum Veronensium parvulorum hinc ad proximum futurum festum sancti Michaelis pro una vaca çimula habita et empta a dictis Petro et Artico, renuncians et cetera, promittens dictus debitor per se eisdem creditoribus solvere et satisfacere sibi in totum et rendere sibi in totum et cetera, pro quibus omnibus attendendis dictus debitor obligavit eisdem creditoribus et specialiter pro pignore mobilli designavit duos eius campos scitos in confinibus Sancti Danielis unius quorum tales sunt confines iuxta Cumucium Longe, iuxta Iohannem Tach, iuxta viam publicam, alterius iuxta Petrum Turba, iuxta Martinum Cart et iuxta viam publicam vel si qui et cetera,   item unum pratum septem sectoribus iuxta pratos deglmagl, iuxta Driuçam Petri decani, iuxta comugnam et cetera, ita tamen quod liceat dicta bona vendi facere ad incantum si sibi non fuerit persolutum de dicto debito in dicto termino non obstantibus aliquibus guerris, statutis et cetera, constituens e manutentorem et suplitorem et cetera, vocans se fore convictum et cetera."
75,74,41,"Codice 38","98","98",1388,"Maggio",12,11,"01/00/00 00:00:00",0,"Originale","BGSD","Fontanini",0,,,"Finis remissio Dominici Alexii.

[Sub]  dictis M° et indicione, die XII madii, in Sancto Daniele pen[es ...]  Danielis Lirussii de Sancto Daniele, presentibus presbitero Iohanne pl[ebano ...]  habitante in Sancto Daniele, Tibaldo condam ser Nicolay de Susano, Cicuto condam [...]  de vila Sancti Tome, Iohanne olim Marquardi de Buya et Francisco filio Leonardi Cometi omnibus suprascriptis habitantibus in Sancto Daniele et alliis. Cum Dominicums condam Alexii de Sancto Daniele habuisset in uxorem condam Franciscam filiam Pidrussii Laurencii de Ragonea et pro dote dicte Francisce recepisset a dicto Pidrussio unam marcham et quatuor pecudes et alia paramenta et cum acciderit casus dictam Franciscam de hoc seculo transmigrasse sine eorum iugalium comunibus heredibus ad etatem legiptimam venientibus propter quod dicta dos sit restituenda, nunc vero coram dictis testibus predictus Pidrussius fuit contentus, confessus et manifestus habuisse et recepisse in se et sibi restituta fuisse suprascripta dos integree t cetera, renuncians et cetera, faciens sibi finem et cetera, absolvens eum et cetera, promittens dictus Pidrussius per se et cetera dictam finem et omnia suprascripta perpetuo firma habere eidem Dominico stipulanti pro se et cetera et ullo tempore litem non movere et cetera et non contrafacere et cetera sub pena dupli et cetera, qua soluta vel non omnia suprascripta perdurent et cetera."
76,75,9,"Codice 38","99","99",1388,"Maggio",12,11,"01/00/00 00:00:00",0,"Originale","BGSD","Fontanini",0,,,"[...] 

[Sub dictis]  M°, indicione et die, in Sancto Daniele penes stacionem [...]  [...]di , presentibus dicto Federico, Iohanuto filio Cicuti [...]  [...]  et Venuto Mirlinuto de Sancto Daniele et alliis. Galvanus condam C[...]  Florentini de Sancto Daniele per se et cetera et precio et foro undecim librarum soldorum Veronensium parvulorum quod totum precium ipse fuit contentus habuisse et recepisse a Paulo condam Misini de Gavonis, renuncians et cetera, dedit, vendidit et trad<d>idit dicto Paulo stipulanti pro se et cetera lapides omnes et singulos que sunt et invenientur in duabus spondis muris domus dicti Galvani locare eidem Paulo per dictum Galvanum, quarum unius tales sunt confines iuxta viam publicam scitam extra portam eu(ndo) Spenimberg(um), alterius iuxta ortum dicte domus vel si qui et cetera ad habendum et cetera, constituens se et cetera, promittens habere ratum et cetera."
77,33,17,"Codice 38","100","100",1388,"Maggio",16,11,"01/00/00 00:00:00",0,"Originale","BGSD","Fontanini",0,,,"Debitum Francisci.  

[Su]b  dictis M° et indicione, die XVI madii, in domo m[...] , presentibus Federico condam Bilissii de Sancto Dniele et Martino conda [...]  de Turida et alliis. Nicolaus condam Marmaldini de Cava[...]  principalis debitor et Miculus condam Iohannis Darduli de Cavacio fideiussor per se et cetera in solidum promiserunt et steterunt dare et solvere Francisco aurifici habitanti in Sancto Daniele stipulanti pro se et cetera quatuordecim libras soldorum pro vino terrano albo empto et cetera, renuncians et cetera, promittentes dictus debitor   eidem creditori solvere et satisfacere sibi in totum et tendere et cetera, vocan[te]s se fore convictum  et cetera."
78,76,17,"Codice 38","101","101",1388,"Maggio",17,11,"01/00/00 00:00:00",0,"Originale","BGSD","Fontanini",0,,,"Debitum Danielis Lirussi.  

[Anno]  millesimo IIIc LXXXVIII, indicione XIa, die XVII madii, in Sancto Daniele sub portucubus domus Miniuti condam Dotti, presentibus Antonio condam Bonotti de Nugareto, Iohanne filio Ribisini de Flaybano et Daniele filio Nicolay de Albaçana et alliis. Nicolaus condam Iacobi de Tercio de Carnea per se et cetera et cum obligatione omnium suorum bonorum et cetera promisit et stetit dare et solvere Danieli condam Lirussii de Sancto Daniele stipulanti pro se et cetera tredecim libras soldorum Veronensium parvulorum hinc ad proximum futurum festum sancti Danielis pro vino terrano virmileo habito et empto a dicto Daniele, renuncians et cetera, promittens dictus debitor eidem creditori solvere et satisfacere sibi in totum et rendere eidem in omni loco et cetera, vocans se fore convictum et cetera."
79,76,17,"Codice 38","102","102",1388,"Maggio",17,11,"01/00/00 00:00:00",0,"Originale","BGSD","Fontanini",0,,,"[...]  Danielis.

[Sub dictis]   M° et indicione, die, loco et testibus. Miculus condam [...]  Formeas de Carnea per se et cetera et cum obligatione omnium suorum bonorum presencium et cetera promisit et stetit dare et solvere Danieli condam Lirussii de Sancto Daniele stipulanti pro se et cetera traginta libras soldorum Veronensium parvulorum hinc ad proximum futurum festum sancti iacobi pro vino terrano habito et empto a dicto Daniele, renuncians exceptioni et cetera, promittens dictus debitor eidem creditori solvere et satisfacere sibi in totum et rendere eidem in omni loco et cetera et non probare fine et cetera, vocans se fore convictum et cetera."
80,35,17,"Codice 38","103","103",1388,"Maggio",21,11,"01/00/00 00:00:00",0,"Originale","BGSD","Fontanini",0,,,"Debitum Brunetti.  

Sub dictis millesimo et indicione, die XXI madii, in Sancto Daniele penes stacionem Francisci aurificis, presentibus prebsitero Fradocio condam Çassi et Andrea condam Morassi de Sancto Daniele et alliis. Nicolaus condam Flum de Povoleto per se et cetera promisit et stetit dare et atribuere Bruneto condam Bertulisci de Blavuço habitanti in Spenimbergo viginti staria cum dimidio boni et nittidi salis ad mensuram Sancti Danielis et in Sancto Daniele et hinc ad viginti dies proximas futuras et hoc pro septuaginta soldis quolibet stario precio sibi integre soluto a dicto Bruneto, renuncians et cetera, promittens sibi integre attendere et cetera, obligans ad hec omnia sua bona et cetera."
81,37,41,"Codice 38","104","104",1388,"Maggio",22,11,"01/00/00 00:00:00",0,"Originale","BGSD","Fontanini",0,,,"[...]  Antonii.

[Sub]  dictis M° et indicione, die XXII madii, in Sancto Daniele penes macelum, presentibus presbitero Fradocio condam Çassi de Sancto Daniele, Suttulino condam Sotte de Mels habitatne in Sancto Daniele et Bodiç de Sancto Odorico et alliis. Cum Antonius notarius condam Nicolay Pisani, Nicolaus faber condam Iacobi de Rodeglano, Paulus de Nugareto, Antonius de Barbeano et Ulianus de Varmo habitans in Sancto Daniele captivassent quendam Hermanum sartorem Thiotonicum et pro talea et aliis rebus acceptis eidem Hermano et receptis per dictum Antonium notarium tetigisset eidem Nicolao fabro decem et novem ducatos et dicto Paulo novem ducatos cum dimidio et Leonardo condam Dominici Tamburlini de Sancto Daniele decem et novem ducatos pro duabus partibus tangentibus eisdem Uliano et Antonio de Barbeano emptis per dictum Leonardum a dictis Uliano et Antonio, nunc vero coram dictis testibus prefati Leonardus cerdo, Nicolaus faber et Paulus fuerunt contenti et manifesti habuisse et integre recepisse a dicto Antonio notario ut butunerio in dicta talea et rebus suas porciones sibi tangentes pro qualibet parte eorum, facientes sibi plenam finem et cetera, insuper prefati Nicolaus, Leonardus et Paulus per se et cetera promiserunt dictum Antonium relevare indempnem si quo tempore impediretur vel ei lis moveretur pro porcionibus dictorum Leonardi, Nicolay et Pauli, obligantes ad hec omnia eorum bona presencia et futura."
82,37,48,"Codice 38","105","105",1388,"Maggio",22,11,"01/00/00 00:00:00",0,"Originale","BGSD","Fontanini",0,,,"Debitum Danielis Lirussii.  

Sub dictis millesimo, indicione, die et loco, presentibus presbitero Fradocio condam Çassi, Iohanne condam Michaelis Çilii de Sancto Daniele et Viduio condam Radii de Flaybano et alliis. Seraphinus condam Dominici Girardi de Pignano habitans in Sancto Daniele per se et cetera promisit et stetit dare et solvere Danieli condam Lirussi de Sancto Daniele stipulanti pro se et cetera viginti septem libras soldorum Veronensium parvulorum hinc ad proximum futurum festum sancti Michaelis pro una equa pilli rubei habita et empta a dicto Daniele, renuncians exceptioni et cetera, promittens dictus debitor eidem creditori solvere et satisfacere sibi in totum et rendere eidem in omni loco et cetera, pro quibus omnibus atendendis et observandis idem debitor eidem creditori obligavit et specialiter pro pignore mobilli designavit unam suam canipam scitam in Sancto Daniele cuius hii sunt confines iuxta Leonardum Cometti, iuxta Culuscium Sclesati, iuxta viam publicam vel si qui et cetera iure livelli perpetualis, ita tamen quod liceat dicto creditori vendi facere ad incantum dictam canipam si sibi non fuerit in dicto termino de dicto debito integre pesolutum, non obstantibus aliquibus guerris, statutis et cetera, promittens se constituere manutentorem cuicumque persone illam ementi ad incantum et suplitorem di quid de dicto debito defecerit, vocans se fore convictum et cetera."
83,48,9,"Codice 38","106","106",1388,"Maggio",24,11,"01/00/00 00:00:00",0,"Originale","BGSD","Fontanini",0,,,"Cessionis unius canipe Fosche.

Sub dictis M° et indicione, die XXIIIIor madii, in Sancto Daniele in domo habitationis mei Georgii notarii, presentibus Dominico filio Culauti, Culao filio Iohannis Pupi et Antonio filio Pascu[ti]  omnibus de Farla et alliis. Culuscius condam presbiteri Ambrosii de Farla precio et foro quatuor marcharum denariorum monete Aquilegie quod totum precium ipse fuit contentus et confessus habuisse et integre recepisse a Fuscha eius sorore et uxore Micucii Theotonici habitantis in Farla, renuncians exceptioni et cetera per se et cetera dedit, cessit, transtulit et mandavit dicte Fosche stipulanti, ementi et cetera omnia et singula eius iura actiones reales et personales et cetera que vel quas habet seu habere videtur in et super quadam canipa scita in Sancto Daniele iuxta Culussam olim relictam Milani, iuxta Culaum Vignuti de Maiano, iuxta Remadum fabrum  et iuxta viam publicam vel si qui et cetera cum omnibus suis iuribus et cetera, constituens eandem Fuscham suam procuratricem tamquam in rem suam propriam et ponens eam in locum suum, ita quod a modo ipsa possit et veleat facere experiri et cetera, ad habendum et cetera promittensque dictus ceditor per se et cetera et cum obligatione omnium suorum bonorum presencium et futurorum et cetera eidem Fosche stipulanti pro se et cetera dictas cessionem translationem et omnia et singula suprascripta perpetuo firma habere et ullo tempore litem non movere et cetera, sed dicta iura cessa legiptime defendere et manutenere ab omni homine et persona et non contrafacere et cetera sub pena dupli et cetera, qua soluta vel non presens instrumentum obtineat plenum robur et cetera."
84,77,27,"Codice 38","107","109",1388,"Maggio",25,11,"01/00/00 00:00:00",0,"Originale","BGSD","Fontanini",0,,,"Testamentum Iohannis Cicuti.

Sub dictis M° et indicione, die XXV madii, in Sancto Daniele in domo infrascripti testatoris, presentibus Bertulino condam Misini fabri, Vinirussio condam Miculiscii Tutussii, Georgio condam Odorici Pasqualis, Iohanne Drico condam Drici et Bertulino condam Driussii omnibus suprascriptis de Sancto Daniele, Blasiono monaco eccllesie Sancti Michaelis infrascripti et Mathia condam Iohannis de Vilanova et alliis pluribus ab ore infrascripti testatoris rogatis et vocatis et cetera.
Providus Iohannes cerdo condam Iacobi Hendriucani de Sancto Daniele per gratiam domini nostri Iesu Christi sanus mente et scensu, licet corpore langueat, timens humana fragilitatem ne intestatus decederet, suarum rerum et bonorum omnium per presens nuncupativum testamentum sine scriptis dispositionem et suum ultimum testamentum in hunc modum facere procuravit. Imprimis quidem sepulturam sui corporis elegit in cimiterio eccllesie Sancti Michaelis de Sancto Daniele et in sepultura septimo et trigesimo fieri prout suis fidecomissis honorifice aparebit. Item legavit eccllesie Sancte Marie de Villanova octo suos campos scitos in confinibus et pertinenciis Villenove quod habet pro indiviso cum Danielle olim Mathie Çotti de Sancto Daniele et qui regebantur per Martinum Vidussii de Villanova, pro quibus solvebat anuatim de affictu simplici frumenti starium unum cum dimidio, avene totidem et milei totidem, fabe miçam unam, unum congium vini cum dimidio, galinam unam et spatulam mediam cum omnibus eorum iuribus et cetera, ad hec ut camerarii dicte eccllesie qui pro tempore fuerint anuatim et perpetuo faciunt aniversarium dicti testatoris cum quatuor presbiteris dando eorum cuilibet denarios Aquilegensis monete quatuor // [...]  honorem omnibus et singulis tam masculis quam feminissociantibus et ambulantibus post cruces comunitatis Sancti Danielis in die qua ambulant et pergunt homines Sancti Danielis circha tabelam Sancti Danielis et ad dictam eccllesiam Sancte Marie aplicunt cum uno stario boni frumenti in pane facto et cum uno congio cum dimidio boni vini terrani. Item legavit Corado eius fratri per se, Iohanni et Bertolomeo fratribus et conda Driuce eius nepotibus simul et Sabidusse eius filie unum suum campum scitum in pertinenciis Sancti Danielis iuxta Morasium Fançuti, iuxta Cumucium Longe et iuxta comugnam et iuxta quoddam et ceetra ad hoc ut prefati Coradus pro sua parte prima sibi tangente de dicto campo, Iohannes et Bertolomeus pro eorum secunda et Sabidussa pro sua tercia parte eorum quisque pro sua parte teneatur et debeat facere suum aniversarium cum uno presbitero cum quatuor denariis Aquilegensibus et dando duos denarios Aquilegenses pro qualibet supradictarum parcium eccllesie Sancti Michaelis antedicti. Item legavit Agnisute eius uxori iure legati unam suam canipam veteram scitam extra portam Sancti Danielis et domum ubi fiebat ignis cum medietate baiarcii sui penes positi et cum medietate sue curie. Item legavit Danieli suo nepoti et filio Iohannis Drici suam canipam novam scitam inter dictam canipam veteram et dictam domum ygnis. Item stacionem in qua laborabat dictus testator scitam penes dictam domum ygnis cum medietate curie et medietate sui baiarcii penes sciti cum hoc quod Agnisuta antedicta debeat usufructuare partem baiarcii antedicti legati eidem Danieli usque ad vitam suam sine impedimento dicti Danielis cum // [...]  Daniel teneatur et debeat facere anua[tim]  aniversarium dicti testatoris cum tribus presbiteris dando eorum cuilibet denarios quatuor et quatuor denarios Aquilegenses eccllesie Sancti Michaelis antedicti et si dictus Daniel neglexerit facere ut supra dictum aniversarium voluit et iuxit quod dicta eccllesia Sancti Michaelis in se habeat omnia suprascripta legata eidem Danieli faciendo ut supra suum aniversarium. In omnibus autem aliis suis bonis mobillibus et inmobillibus iuribus et actionibus sibi universalem heredem instituit et esse voluit Agnisutam antedictam usque ad vitam suam non destruendo vel alienando quicquam de suis bonis inmobillibus et post vitam dicte Agnisute suos heredes instituit et voluit esse Coradum antedictum pro una parte et Bartolomeum et Iohannem fratres antedictos in secundam et ultima parte ad hoc ut dicti heredes anuatim faciant suum aniversarium cum quatuor presbiteris dando eorum cuilibet denarios quatuor Aquilegie, quod si neglexerint facere, voluit quod eccllesia Sancti Mic[h]aelis antedicti habeat et in se recipere valeat domum unam quam dictus testator emit a Mathiussio dicto Malo nepote scituam penes plathem Sancti Danielis mediante via cum omnibus suis iuribus, faciendo tamen aniversarium supraswcriptum cum quatuor presbiteris ut supra. Et hanc voluit esse suam ultimam voluntatem et suum ultimum testamentum quam et quod valere voluit iure testamenti et si iure testamenti valere non posset, voluit valere iure codicillorum et cuiuslibet alterius ultime voluntatis quo melius valere potest et tenere."
85,63,17,"Codice 38","110","110",1388,"Maggio",25,11,"01/00/00 00:00:00",0,"Originale","BGSD","Fontanini",0,,,"[Debi]tum  Pupissii.

[Sub]  dictis M°, indicione et die, in Sancto Daniele sub portucubus domus heredum condam Danielis Lupi, presentibus Alberto condam ser Artici, Bertu[...]  condam Vorlici et Antonio condam Bonetti de Nugareto omnibus habitantibus in Sancto Daniele et alliis. Dominicus condam Iacobi Vidoni de Forgaria habitans in villa de Ragonea per se et cetera promisit et stetit dare et solvere Pupissio condam Mathie Çot de Sancto Daniele stipulanti pro se et cetera viginti unam libram denariorum Aquilegienses hinc ad proximum futurum festum sancti Michaelis pro una equa pilli nigri habita et empta a dicto Pupissio, renuncians et cetera, promittens dictus debitor eidem creditori solvere et satisfacere sibi in totum et rendere eidem in omni terra et loco et cetera et non probare finem et cetera, vocans se fore convictum et cetera."
86,78,48,"Codice 38","111","111",1388,"Maggio",28,11,"01/00/00 00:00:00",0,"Originale","BGSD","Fontanini",0,,,"Debitum Petri Melie.

Sub dictis M° et indicione, die XXVIII madii, in Sancto Daniele in canipa Blasuti de Muris, presentibus Petro condam Bertuli,   Daniele filio Culay piscatoris et Dominico Fello omnibus de Sancto Daniele et alliis. Culaus Vidussii de Sancto Daniele principalis debitor et Miniotus condam Iacobi Citaruti de Sancto Daniele fideiussor per se et cetera in solidum promiserunt et steterunt dare et reddere Petro Meligo condam Andree de Buonzacho de Sancto Daniele stipulanti pro se et cetera octo marchas soldorum Veronensium parvulorum hinc ad proximum futurum festum sancti Iohannis baptiste nomine puri mutui et veri capitalis in se habiti, renuncians et cetera, promittentes dicti debitor   reddere et satisfacere subi in totum, pro quibus omnibus attendendis et observandis predictus Miniotus fideiussor precibus dicti Culay debitoris et instancia obligavit et specialiter pro pignore mobilli designavit eidem creditori duas suas canipas scitas in Sancto Daniele iuxta Paserum molinerium, iuxta Dominicum Culay de Ripis et iuxta vias publicas iure livelli perpetualis, ita tamen quod liceat dicto creditori dictas canipas vendi facere ad incantum si sibi non fuerit integre persolutum non obstantibus aliquibus guerris et cetera, promittens se constituere manutentorem et suplitorem cuicumque persone illam ementi vel illas ad incantum, insuper dictus Culaus debitor per se et cetera et cum obligatione omnium suorum bonorum et cetera promisit relevare dictum Mniuotum fideiussorem indempnem et penitus sine aliquo dempno et expensa si quod incureret."
87,79,49,"Codice 38","112","112",1388,"Maggio",29,11,"01/00/00 00:00:00",0,"Originale","BGSD","Fontanini",0,,,"Emptio Francisci.

[Sub]  dictis millesimo et indicione, die XXVIIIIor madii, in Sancto Daniele penes canipam Coradi piscatoris de Sancto Daniele, presentibus Antonio condam Cu[...] , Christoforo condam Martinucii de Sancto Daniele et Petro Pitassio condam Culossii habitante in Sancto Toma et alliis. Nicolaus condam Bertuli fabri de Sancto Daniele precio et foro unius marche soldorum Veronensium parvulorum quod totum precium ipse fuit contentus et confessus habuisse et integre recepisse a Francisco filio Leonardi Cometti de Sancto Daniele, renuncians exceptioni sibi non dati et cetera per se et cetera iure livelli perpetualis dedit, vendidit et tradidit antedicto Francisco stipulanti et ementi pro se et cetera unam peciam terre ortive scitam in Sancto Daniele cuius hii sunt confines iuxta dictum emptorem, iuxta Culaum Galli, iuxta Linutum condam Cau et iuxta fossatum comune vel si qui et cetera cum omnibus et singulis que sunt supra infra et intra et cetera et cum omnibus suis iuribus et cetera ad habendum, tenendum et cetera, constituens se et cetera, solvendo tamen anuatim iure livelli perpetualis dicto venditori vel eius heredibus octo deiebus ante festum carnisprivii denarios Aquilegensis monete septem et nil aliud, promittens dictus venditor per se et cetera et cum obligatione omnium suorum bonorum et cetera eidem emptori stipulanti pro se et cetera dictam venditionem et omnia suprascripta perpetuo firma habere et tenere et ullo tempore litem non movere nec moventi conscentire, sed in iure legiptime defendere et manutenere dictam peciam terre ab omni homine et persona et non contrafacere et cetera sub pena dupli eius de quo questio moveretur et cetera, qua soluta vel non presens instrumentum obtineat plenum robur et cetera."
88,80,8,"Codice 38","113","113",1388,"Maggio",31,11,"01/00/00 00:00:00",0,"Originale","BGSD","Fontanini",0,,,"Emptio Iohannis de Farla.

Sub dictis millesimo et indicione, die ultima madii, in Sancto Daniele ante canipam infrascriptam, presentibus Leonardo condam morassii de Maiano habitante in Sancto Daniele, Iohanne condam Pupi de Farla, Dominico Grosso condam Ianis de Farla et alliis. Franciscus condam Nassutti de Farla per se et cetera et percio et for<r>o viginti sex librarum soldorum Veronensium parvulorum quod totum precium ipse fuit contentus et confessus habuisse et integre recepisse a Iohanne suo fratre et condam dicti Nassutti de Farla, renuncians et cetera, dedit, cessit, transtulit et mandavit dicto Iohanni  stipulanti et ementi pro se et cetera omne ius et actionem realem et personalem et cetera quam et quod habet vel habere videretur in et super quadam canipa quam habet pro indivis<s>o cum dicto Iohanne eius fratre scitam in Sancto Daniele cuius hii sunt confines iuxta canipam eccllesie Sancti Agnoli de Carpaco, iuxta Cumucium de Muris, iuxta vias publicas et supra dicta canipa est canipa Pitussii de Masergis vel si qui et cetera ad habendum et cetera, constituens ipsum Iohannem procuratorem tamquam in rem suam propriam et ponens ipsum in locum suum, ita quod a modo dictus Iohannes possit et valeat dictam canipam facere omnimodam suam voluntatem et cetera, promittens dictus ceditor per se et cetera et cum obligatione et cetera eidem creditori stipulanti pro se et cetera dictam cessionem et omnia suprascripta perpetuo firma habere et ullo tempore litem non movere et cetera, sed in iure legiptime defendere et manutenere et cetera, sub pena dupli et cetera, qua soluta vel non presens instrumentum obtineat plenum robur."
89,81,50,"Codice 38","114","114",1388,"Giugno",1,11,"01/00/00 00:00:00",0,"Originale","BGSD","Fontanini",0,,,"Locatio facta per Albertum Georgii.

[Sub]  dictis millesimo et indicione, die prima iunii, in Sancto Daniele in canipa quam ego Georgius notarius habeo ab affictu a domino Galvano, presentibus ser Çuliano condam ser Tocii, Francisco filio Leonardi Cometti, Vidono sartore condam Iacobi et Bernardo filio Miculi Pelossii de Sancto Daniele et alliis. Albertus condam ser Artici de Farla habitans in Sancto Daniele iure feudi mangani Aquilegensis eccllesie dedit, locavit et livelavit atque investivit Georgio condam Odorici Pasqualis de Sancto Daniele stipulanti pro se et cetera unum campum plantatum vitibus et arboribus scitum in pertinenciis Sancti Danielis cuius hii sunt confines iuxta Miculum Pelosi, iuxta Nigrum Martinucii, iuxta comugnam et iuxta stratam publicam vel si qui et cetera iure livelli perpetualis secundum consuetudinem livelorum hactenus in patria Foriiulii observatam et cum omni iure spangandi et dispangandi et cetera cum omnibus que dictus campus habet supra se intra se infra se, intoytibus et cetera et cum omnibus suis iuribus et cetera ad habendum, tenendum et cetera, solvendo tamen anuatim iure livelli perpetualis dicto locatori in festo sancti Mic[h]elis duas miçinas cum dimidia boni frumenti et etiam solvendo pro colta cui de iure debetur unum denarium Aquilegensem in festo sancti Georgii anuatim et unum denarium dicte monete in festo sancti Michaelis et salvo semper iure dicti feudi, constituens se et cetera, promittens dictus locator per se et cetera eidem conductori stipulanti pro se et cetera dictam locationem et omnia suprascripta perpetuo firma habere et ullo tempore litem non movere nec moventi conscentire, sed in iure legiptime defendere et manutenere dictum campum ab omni homine et persona et non contrafacere et cetera sub pena dupli eius de quo questio moveretur et cetera, qua soluta vel non presens instrumentum obtineat plenum robur et cetera."
90,82,9,"Codice 38","115","115",1388,"Giugno",2,1,"01/00/00 00:00:00",0,"Originale","BGSD","Fontanini",0,,,"Emptio Alberti.

Sub dictis M° et indicione, die secunda iunii, in Sancto Daniele in domus  habitationis Francisci aurificis condam ser Antonii de Valvesono, presentibus dicto Francisco, Nicolao condam ser Artici et Galvano condam Nicoluscii Florentini de Sancto Daniele et alliis. Ser Bartolomeus dictus Glemonus condam domini Fante de Sancto Daniele precio et foro sex marcharum cum dimidia soldorum Veronensium parvulorum quod totum precium ipse fuit contentus et confessus habuisse et integre recepisse ab Alberto condam ser Artici de Farla habitante in Sancto Daniele, renuncians exceptioni sibi non dati et cetera, per se et cetera dedit, vendidit et tradidit dicto Alberto stipulanti et ementi pro se et cetera unum suum campum scitum in confinibus tabelle Raonee cuius hii sunt confines iuxta ser Galvanum a duabus partibus, iuxta heredes condam Morandi de Spenimbergo et iuxta rivum Clauçadi vel si qui et cetera cum omnibus que sunt supra et infra et cum omnibus que continentur in dictos confines et cum omnibus suis iuribus et cetera, si proprium iure proprii, si feudum iure feudi, ad habendum, tenendum et cetera, constituens se et cetera, promittens dictus venditor per se et cetera et cum obligatione omnium suorum bonorum et cetera eidem emptori stipulanti pro se et cetera dictam venditionem et omnia suprascripta perpetuo firma habere et ullo tempore litem non movere et cetera, sed in iure legiptime defendere et manutenere dictum campum ab omni omine et persona <ab omni homine et persona> et non contrafacere et cetera sub pena dupli et cetera, qua soluta vel non presens instrumentum et omnia suprascripta perpetuo perdurent."
91,81,51,"Codice 38","116","117",1388,"Giugno",2,11,"01/00/00 00:00:00",0,"Originale","BGSD","Fontanini",0,,,"[...]tio  facta per Glemonum Augustino.

Sub dictis millesimo, indicione et die, in Sancto Daniele in canipa quam ego Georgius notarius habeo a domino Galvano, presentibus Alberto condam ser Artici de Farla, Vidono sartore condam Iacobi et Francisco filio Leonardi Cometti de Sancto Daniele et Iano filio Ceschi de Gavonis et alliis. Ser Bartolomeus dictus Glemonus condam domini Fante de Sancto Daniele per se et cetera iure afictus simplicis dedit, locavit et affictavit Augustino condam Mathei de Sancto Daniele recipienti pro se et cetera duos suos campos scitos in confinibus Sancti Danielis et unum ortum, quorum camporum tales sunt confines iuxta dictum locatorem, iuxta Gurelum, iuxta Iacobum Dominici et iuxta viam publicam, orti tales sunt confines Dominicum fabrum, iuxta Tomam fratrem dicti Dominici et iuxya vias publicas vel si qui et cetera cum omnibus [et] singulis que continentur infra dictos confines et cum omnibus eorum iuribus et cetera hinc ad quindecim annos proximos futuros ad habendum, tenendum et cetera, hiis quidem pactis habitis et solempnibus stipulationibus firmatis inter dictas partes, quod dictus locator non valeat accipere eidem conductori dictos campos et ortum hinc ad dictum terminum quindecim annorum et e contrario dictus conductor non possit eos dimittere quin solvere non teneatur infrascriptum affictum anuatim usque ad dictum terminum, obligantes ad hec omnia eorum bona et cetera et quod dictus conductor possidere debeat quandam poçalem penes dictum ortum scitum a medietatem cum Culao condam Cumussii de Carpaco usque ad dictum terminum, solvendo tamen anuatim in festo sancti Iacobi eidem  locatori de affictu simplici usque ad dictum terminum unum starium cum dimidio boni frumenti et totidem avene, unam spatulam et unam galinam // et nil aliud, constituens se et cetera, promittens dictis locator per se et cetera et cum obligatione et cetera eidem conductori stipulanti pro se et cetera dictam locationem et omnia suprascripta perpetuo firma habere et litem non movere et cetera, sed in iure legiptime defendere et manutenere et cetera, sub pena dupli et cetera, qua soluta vel non presens instrumentum obtineat plenum robur et cetera."
92,37,50,"Codice 38","118","119",1388,"Giugno",3,11,"01/00/00 00:00:00",0,"Originale","BGSD","Fontanini",0,,,"[...]  facta per Glemonum Culao Mauri.

[Sub]  dictis millesimo et indicione, de tercia iunii, in Sancto Daniele penes macelum comunis Sancti Danielis, presentibus Liano et Iohanne fratribus et olim Bruni Nigrusii de Sancto Daniele, Daniele condam ser Nicoluscii notarii habitante in Sancto Daniele et alliis. Ser Bartolomeus dictus Glemonus condam domini Fante de Sancto Daniele per se et cetera dedit, locavit, affictavit et investivit Culao condam Mauri de villa de Ragonea stipulanti pro se et cetera unum sedimen cum uno baiarcio et duobus campis cum dimidio et septem peciis terre prative dicto sedimino pertinentibus que vadunt ad sorcos  scitos in confinibus et pertinenciis Rogonee, cuius sediminis et baiarcii tales sunt confines iuxta baiarcium ser Iohanini de Ragonea, iuxta baiarcium Antonii olim ser Guielmi de Ragonea et iuxta vias publicas vel si qui et cetera, camporum unius tales sunt confines in loco qui dicitur Nuyars iuxta ser Çuaninum antedictum, iuxta ser Galvanum de Sancto Daniele et iuxta viam publicam, alterius campi in loco qui dicitur quel avart   medietatis tales sunt confines iuxta dictum Antonium, iuxta Mathiussium Tradulini, iuxta Pituçam val si qui et cetera cum omnibus et singulis que dicta bona habent supra intra et infra se et cum omnibus eorum vitibus, arboribus, nemoribus, pascuis, pratis, silvis et cetera et cum omnibus eorum iuribus et cetera, iure tamen livelli perpetualis secundum consuetudinem livellorum patria Foriiulii hactenus observatam et cum omni iure spangandi et dispangandi et cetera, solvendo tamen anuatim dicto locatori vel suis heredibus iure dicti livelli in festo sancti Michaelis unum starium boni frumenti, totidem avene et totidem milei, unam galinam et unam spatulam et nil aliud, pro quo quidem livello anuatim ut supra persolvendo dictus conductor // obligavit omnia sua bona presencia et furura et cetera, constituens [...] , promittens dictus locator per se et cetera et cum obligatione omnium suorum bonorum et cetera eidem conductori stipulanti pro se et cetera dictam locationem et omnia suprascripta perpetuo firma habere et ullo tempore litem non movere nec moventi conscentire, sed in iure legiptime defendere et manutenere dicta bona locata ab omni homine et cetera et non contrafacere et cetera, sub pena dupli et cetera, qua soluta vel non presens instrumentum et omnia in eo content obtineant plenum robur et cetera, in nuncium tenute datus fuit Lianus testis prescriptus."
93,33,54,"Codice 38","120","120",1388,"Giugno",4,11,"01/00/00 00:00:00",0,"Originale","BGSD","Fontanini",0,,,"[..]  Menis.

[Sub]  dictis millesimo et indicione, die IIIIor iunii. Proferatur per Augustinum preconem <preconem> comunis Sancti Danielis ad peticionem Menis condam Culoscii de Rodeglano tamquam heredis ipsius patris sui Petro Rivignato habitante in Tulmecio omnia et singula bona tam mobillia quam inmobillia ipsius Petri que sunt et invenientur in Sancto Daniele vel eius districtu et presertim in canipa Danielis Vicardi de Farla pro pignore mobilli et cetera ad videndum vendi et cetera, die sabati proxima ad octavam diem proximam subsequentem hora debita et cetera, cum ipso manutentore et cetera."
94,70,17,"Codic 38","121","121",1388,"Giugno",7,11,"01/00/00 00:00:00",0,"Originale","BGSD","Fontanini",0,,,"Debitum Pupissii.    

Anno Domini millesimo IIIc LXXXVIII, indicione XIa, die VII iunii, in Sancto Daniele in canipa heredum condam Iohannis Nicolay de Sancto [Daniele] , presentibus Articho condam Ançuti, Andrea condam Morassini de Sancto Daniele et Henrico condam Iohannis de Gayo et alliis. Rodulfus condam Michaelis de Ygnano habitans in Spenimbergo per se et cetera et cum obligatione omnium suorum bonorum et cetera promisit et stetit dare et solvere Pupissio condam Mathie Çoti de Sancto Daniele stipulanti et recipienti pro se et cetera sex ducatos boni auri et iusti ponderis et soldos vigintisex pro una equa pilli rubei habita et empta a dicto Pupissio hinc ad unum mensem proximum futurum, renuncians et cetera, promittens dictus debitor eidem creditori solvere et satisfacere sibi in totum et rendere eidem in omni loco et cetera et non probare finem et cetera, vocans se fore convictum et cetera."
95,83,17,"Codice 38","122","122",1388,"Giugno",7,11,"01/00/00 00:00:00",0,"Originale","BGSD","Fontanini",0,,,"Debitum Tibaldi.  

Sub dictis millesimo, indicione et die, in Sancto Daniele penes canipam Danielis Lirussii de Sancto Daniele, presentibus Corado condam Pidrissini et Andrea eius filio et Vidono sartore condam Iacobi omnibus de Sancto Daniele et alliis. Cumucius condam Danielis de Sancto Daniele habitans in Spenimbergo per se et cetera et cum obligatione omnium suorum bonorum et cetera promisit et stetit dare et solvere Tibaldo condam ser Nicolay de Susano habitanti in Sancto Daniele stipulanti pro se et etera traginta unam libram soldorum Veronensium pavultorum hinc ad proximum futurum festum sancti Michaelis pro certa quantitate frumenti habiti et empti a dicto Tibaldo prout ibidem contentus fuit, renuncians exceptioni sibi non dati et cetera, promittens dictus debitor eidem creditori solvere et satisfacere sibi in totum et rendere eidem specialiter Utini, Sancti Danielis et generaliter ubique et cetera et non probare finem nisi per hanc cartam et cetera, vocans se fore convictum et cetera."
96,35,17,"Codice 38","123","123",1388,"Giugno",10,11,"01/00/00 00:00:00",0,"Originale","BGSD","Fontanini",0,,,"Debitum Andree Pitiani.

Sub dictis millesimo et indicione, die Xa mensis iunii, in Sancto Daniele penes stacionem domus habitationis Francisci aurificis condam ser Antonii portolani de Valvesono habitantis in Sancto Daniele, presentibus dicto Francisco, Antonio notario condam Nicolay de Sancto Daniele et presbitero Fradocio condam Çassii de Sancto Daniele et alliis. Pilirinus condam Odorici Aulineti de Sancto Daniele pro se et cetera et cum obligatione omnium suorum bonorum et cetera promisit et stetit dare et solvere provido Andree condam Pitiani de Sancto Daniele stipulanti et recipienti pro se et cetera quadraginta et septem libras denariorum novorum monete Aquilegie hinc ad proximum futurum festum sancti Michaelis pro duobus bovibus uno pilli rubei et altero pilli bruni habitis et emptis a dicto Andrea prout ibidem contentus fuit, renuncians exceptioni et cetera, promittens dictus debitor eidem creditori solvere et satisfacere sibi in totum et rendere eidem in omni loco et cetera et non probare finem et cetera, vocans se fore convictum et cetera."
97,35,55,"Codice 38","124","124",1388,"Giugno",22,11,"01/00/00 00:00:00",0,"Originale","BGSD","Fontanini",0,,,"Pacta inter Mulitinum et Cadussium.

Sub dictis millesimo et indicione, die XXII iunii, in Sancto Daniele in stacione Francisci aurificis, presentibus Vidono sartore condam Iacobi et Culao dicto Chizao de Sancto Daniele et alliis. Cum Culuscius dictus Mulitinus de Sancto Daniele haberet unum mulinum a domina Lucia olim relicta ser Çanuti de Sancto Daniele ad rectam medietatem, nunc vero dictus Mulitinus ex una parte et Candussius condam Dominici habitans in Sancto Daniele ex altera ad infrascripta pacta pervenerunt, videlicet quod dictus Candussius hinc ad unum annum proximum conpletum operari, laborare, stare et exercere debeat suum officium in dicto molendino prout conpetit eius ars et habere debeat medietatem partis lucri tangent(em) dicto Mulitino cum dicta domina Lucia et nil aliud, renuncians exceptioni dictorum pactorum et cetera, promittentes dicte partes sibi invicem et cetera dicta pacta habere firma et cetera sub pena quinquaginta librarum soldorum Veronensium parvulorum que pena tociens peti et exigi possit et cetera, qua soluta vel non omnia suprascripta perdurent."
98,84,9,"Codice 38","125","125",1388,"Giugno",25,11,"01/00/00 00:00:00",0,"Originale","BGSD","Fontanini",0,,,"Emptio ser Bartolomei a ser Tino.

Sub dictis millesimo et indicione, die XXV iunii, in burgo Trichani superioris penes eccllesiam Sancte Marie, presentibus Odorico condam Nicolay ser Roperti de Trichano inferiori, Culao condam Pacheti de Gavonis, Odorico condam Carneli de Ripis et Odorico condam Iohannis de Trichano inferiori et alliis. Nobillis ser Tinus condam ser Francisci de Trichano superiori precio et foro viginti ducatorum boni auri et iusti ponderis quod totum precium ipse fuit contentus et confessus habuisse et integre recepisse a nobilli ser Bartolomeo condam ser Tomassii de Trichano superiori, renuncians exceptioni et cetera per se et cetera, dedit, vendidit et tradidit iure proprii dicto ser Bartolomeo stipulanti ementi et recipienti pro se et pro Pertoldo et Gabriele fratribus et suis nepotibus condam ser Iohanini de dicto Trichano et pro eorum heredibus et cetera unam peciam terre scitam in castro Trichani superioris cuius hii sunt confines cum omnibus muris lapidibus suis et cum omnibus que dicta pecia terre habet supra se intra se infra se a celo usque ad abissum et cum omnibus suis iuribus et cetera, constituens se et cetera ad habendum, tenendum et cetera, promittens dictus venditor per se et cetera et cum obligatione omnium suorum bonorum et cetera eidem emptori stipulanti pro se et cetera dictam venditionem et omnia et singula suprascripta perpetuo firma habere et ullo tempore litem non movere nec moventi conscentire, sed in iure legiptime defendere et manutenere dictam peciam terre ab omni homine et colegio et persona et non contrafacere et cetera, sub pena dupli et cetera, qua soluta vel non presens instrumentum obtineat plenum robur et in nuncium tenute datus fuit eidem emptori per dictum venditorem Miculus condam Stefani de Trichano superiori qui dictum emptorem in tenutam et possessionem ponet et cetera."
99,85,56,"Codice 38","126","126",1388,"Giugno",27,11,"01/00/00 00:00:00",0,"Originale","BGSD","Fontanini",0,,,"Locatio facta per ser Hendriussium procuratorem domine Francisce sue uxoris Nicolao Galli.

Sub dictis M° et indicione, die XXVII mensis iunii, in Sancto Daniele super infrascripta pecia terre, presentibus nobilli ser Çuliano condam ser Tocii de Sancto Daniele, Alberto condam Simonis de Turida et Iohanne filio Ribisini de Flaybano et alliis. Nobillis ser Hendriussius condam ser Meynardi de Villalta tamquam procurator et procuratorio nomine dimine Francisce eius uxoris prout de procuratorio plene constat publico instrumento quodam scripto manu Ambrosii notarii de Chuchanea sub M° IIIc LXXXIIIIor, indicione VIIa, die vigesimaseptima mensis novembris et ibidem viso et lecto pro qua domina Francisca idem ser Hendriussius promisit de rathiabitation et cetera, obligans ad hec omnia sua bona mobillia et inmobillia presencia et futura per se et cetera dedit, locavit et investivit Culao filio Galli de Sancto Daniele stipulanti et recipienti pro se et cetera unam peciam terre trium passuum comunis scitam in Sancto Daniele cuius hii sunt confines iuxta fossatum comune, iuxta <iuxta> Franciscum Leonardi Cometi, iuxta dictum conductor et iuxta viam publicam iure livelli perpetualis iuxta consuetudinem livellorum hactenus in patria Foriiulii observatam, cum omnibus et singulis que dicta pecia tere habet supra se intra se infra se et cetera et cum omni iure spangandi et dispangandi et se de dicta pecia terre intromittendi si sibi in   infrascripto termino non fuerit integraliter persolutum de infrascripto livello ad habendum, tenendum et cetera, constituens se et cetera, solvendo tamen anuatim iure livelli perpetualis dicte domine Francisce vel eius heredibus in circhumcisione domini nostri Iesu Christi pro dicta pecia terre duodecim denarios Aquilegensis monete et nil aliud, promittens dictus locator per se et nomine quo supra et cetera dictam locationem et omnia suprascripta perpetuo firma habere et ullo tempore litem non movere et cetera, sed in iure legiptime defendere et manutenere dictam peciam terre ab omni homine et persona et cetera et non contrafacere et cetera sub pena dupli et cetera, qua soluta vel non presens instrumentum obtineat plenum robur et in nuncium tenute datus fuit ser Çulianus testis prefatus et cetera."
100,86,17,"Codice 38","127","127",1388,"Luglio",1,11,"01/00/00 00:00:00",0,"Originale","BGSD","Fontanini",0,,,"Debitum Tibaldi.  
Publicata.

Sub dictis millesimo et indicione, die prima iulii, in Sancto Daniele penes canipam infrascripti Tibaldi, presentibus Andrea condam Morassini de Sancto Daniele, Venerio dicto Psero de Carpaco et alliis. Iohannes Tribicinus de Paluça per se et cetera promisit et stetit dare et solvere Tibaldo condam ser Nicolay de Susano habitanti in Sancto Daniele stipulanti pro se et cetera viginti tres libras soldorum Veronensium parvulorum et soldos septem hinc ad proximum futurum festum sancte Marie de mense augusti et hoc pro certa quantitate vini terrani albi, renuncians exceptioni sibi non dati et cetera, promittens dictus debitor eidem creditori solvere et satisfacere sibi in totum et rendere eidem ubique invenerit, vocans se fore convictum de premsisis et cetera."
101,81,48,"Codice 38","128","128",1388,"Luglio",3,11,"01/00/00 00:00:00",0,"Originale","BGSD","Fontanini",0,,,"Debitum Vidoni sartoris.  

[Sub]  dictis millesimo et indicione, die tercia iulii, in Sancto Daniele in canipa ser Galvani quam ego Georgius notarius habito, presentibus Alberto condam ser Artici, Georgio condam Odorici Psqualis, Federico et Iohanne fratribus condam Bilissii de Sancto Daniele et alliis. Reverendus presbiter Henricus condam Babanici de Sancto Daniele per se et cetera et cum obligatione omnium suorum bonorum presencium et futurorum et cetera promisit et stetit dare et solvere Vidono sartori condam Iacobi de Sancto Daniele stipulanti pro se et cetera sexaginta septem libras soldorum Veronensium parvulorum hinc ad proximum futurum festum resurectionis domini nostri Iesu Christi et hoc pro certa quantitate vini terrani albi et virmilei empti habiti et recepti a dicto Vidono prout ibidem contentus et confessus fuit ditus prebsiter Henricus, renuncians exceptioni sibi non dati et cetera, promittens dictus debitor eidem creditori solvere et satisfacere sibi in totum et rendere sibi ubique et cetera et non probare finem et cetera, pro quibus omnibus atendendis et observandis dictus debitor obligavit et specialiter pro pignore mobilli designavit eidem creditori unam suam canipam scitam in Sancto Daniele iuxta Culiscium Masaruti, iuxta Maianutum de Maiano, iuxta Simonem molendinarium et iuxta viam publicam vel si qui et cetera iure livelli, ita tamen quod liceat dicto creditori dictam canipam vendi facere ad incantum si sibi non fuerit integre persolutum de dicto debito in termino constituto non obstantibus aliquibus guerris diebus feriatis et cetera, promisit insuper se constituere manutentorem cuicumque persone illam ementi ad incantum et suplitorem si quidem defecerit et cetera, vocans se fore convictum et cetera."
102,49,27,"Codice 38","129","130",1388,"Luglio",3,11,"01/00/00 00:00:00",0,"Originale","BGSD","Fontanini",0,,,"Testamentum domine Lyusse.

Sub dictis millesimo, indicione et die, in burgo Trichani superioris in domo infrascripti ser Tini et in sua camera, presentibus nobilli ser Bartolomeo condam ser Tomasii de Trichano superiori, Andrea condam Pitiani de Sancto Daniele, Roveda condam Uliana de Trichano inferiori, Çaneto Pauli de Rodeglano, Iacobo condam Nicolay de Ribis, Dominico condam Piligrini de Rodeglano, Morassio condam Leonardi de Nimis et Gardelo filio Augustini de Trichano superiori et alliis ab ore infrascripte domine Liusse vocatis et rogatis. Ibique nobillis domina Lyussa uxor nobillis ser Tini condam ser Francisci de Trichano superiori per gratiam domini nostri Iesu Christi sana mente et scensu, licet langueat corpore, timens humanam fragilitatem ne intestata decederet, suorum rerum et bonorum omnium per presens nuncupativum testamentum sine scriptis despositionem in hunc modum facere procuravit. Imprimis quidem sepulturam sui corporis iuxta in eccllesia Sancti Mauri et in sepultura septimo et trigesimo fieri prout infrascripto ser Tino videbitur honorifice. Item cum voluntate nutu et conscensu dicti ser Tini sui viri ibidem presentis et conscencientis dicta domina Liussa iuxit mandavit et legavit dicto ser Tino usque ad vitam suam fieri per eum suum aniversarium cum duobus stariis frumenti et cum quatuor pesonaliis fabe et cum viginti soldis pro lignis et cum duabus libris oley distribuendis pauperibus et cum quatuor presbiteris dando septem soldos pro quolibet et anuatim supra uno molendino dicti ser Tini scito supra Quarum. Item voluit et mandavit dictum aniversarium fieri anuatim et perpetuo post vitam dicti ser Tini per camerarios eccllesie Sancti Mauri supra dicto molendino, videlicet profictu vel lucri primi dicti molendini usque ad valorem dicti aniversarii et in vita dicti ser Tini si ipse neglexerit facere dictum aniversarium ut supra //[...]  iuxit quod si dictus er Tinus et camerarii neglexerint facere [...]  aniversarium ut supra anuatim et perpetuo quod nobilles de Trichano qui pro tempore fuerint habeant et possint executori mandare ut dictum anuversarium fiat anuatim ut supra impediendo se de dicto profictu ipsius molendini cum quo fieri debeat dictum aniversarium ut supra. Item legavit dominabus  Miculisse sue sorori et   Çuane sue filie pro singula tres marchas soldorum Veronensium parvulorum semel tamen. In   omnibus autem suis morgingabiis et descensuris suum heredem instituit et esse voluit dictum ser Tinum et hanc voluit esse suam ultimam voluntatem et suum ultimum testamentum quem et quod valere voluit iure testamenti et si iure testamenti valere non posset, voluit valere iure codicil[l]orum et cuiuslibet alterius ultime voluntatis quo melius potest valere."
103,35,17,"Codice 38","131","131",1388,"Luglio",5,11,"01/00/00 00:00:00",0,"Originale","BGSD","Fontanini",0,,,"Debitum Nicolay Çanati.  

Sub dictis M° et indicione, die quinta iulii, in Sancto Daniele penes stacionem Francisci aurificis condam ser Antonii portolani de Valvesono habitante in Sancto Daniele, presentibus dicto Francisco et Leonardo condam Morassii de Maiano et Daniele filio Iori de Maiano et alliis. Ibique Daniel condam Romani de Maiano per se et cetera et cum obligatione omnium suorum bonorum presencium et futurorum promisit et stetit dare et reddere Nicolao dicto Çanato condam Venuti habitanti in Sancto Daniele stipulanti pro se et cetera quinque marchas denariorum novorum monete Aquilegensis in duobus terminis, videlicet medietatem dicte monete hinc ad proximum futurum festum sancti Michaelis et residium a proximo futuro festo sancti Michaelis ad unum annum proximum subsequentem et hoc pro et nomine puri mutui et veri capitalis in se habiti et recepti prout ibidem dictus debitor contentus et confessus fuit, renuncians exceptioni et cetera, promittens dictus debitor eidem creditori reddere et satisfacere sibi in totum et rendere sibi in   omni loco et cetera et non probare finem et cetera, vocans se fore convictum et cetera."
104,87,9,"Codice 38","132","132",1388,"Luglio",6,11,"01/00/00 00:00:00",0,"Originale","BGSD","Fontanini",0,,,"Emptio Francisci et Marchi fratrum.

Sub dictis millesimo et indicione, die VI iulii, in Sancto Daniele in canipa Subete condam Fidelis et uxoris infrascripti Francisci, presentibus presbitero Daniele condam Çili, Daniussio filio Danielis Adamussii et Paulo condam Culay Pasqualuti omnibus de Sancto Daniele et alliis. Morassius condam Fançuti de Sancto Daniele precio et foro quatuor marchas denariorum novorum monete Aquilegensis quod totum precium ipse fuit contentus et confessus habuisse et integre recepisse a Francisco et Marcho fratribus et filiis Odorici Armiline de Sancto Daniele, renuncians exceptioni sibi non dati et cetera, per se et cetera iure proprii dedit, vendidit et tradidit dictis Francisco et Marcho fratribus stipulantibus et ementibus pro se et cetera et Odorico eorum patre et heredibus eorum aut cui ius suum dederint unam medietatem campi terre aratorie scitam in confinibus Sancti Danielis in loco qui dicitu entrada di selva iuxta Galum Milucii, iuxta dictum Morassium, iuxta Hendriulum de Sacco et iuxta viam publicam vel si qui et cetera cum omnibus et singulis que sunt supra se intra se infra se et cum omnibus et singulis que continentur infra dictos confines et cum omnibus suis iuribus et cetera ad habendum, tenendum, alienandum et cetera, constituens se et cetera, promittens dictus venditor per se et cetera et cum obligatione omnium suorum bonorum presencium et futurorum et cum refectione dampnorum omnium et expensarum et cetera dictis emptoribus stipulantibus et recipientibus pro se et cetera dictam venditionem et omnia suprascripta perpetuo firma habere et ullo tempore litem non movere mìnec moventi conscentire, sed in iure legiptime defendere et manutenere dictam medietatem venditam ab omni homine et persona et non contrafacere et cetera sub pena dupli et cetera, qua soluta vel non presens instrumentum obtineat plenum robur et in nuncium tenute datus fuit antedictus prebsiter Daniel et cetera."
105,35,17,"Codice 38","133","133",1388,"Luglio",6,11,"01/00/00 00:00:00",0,"Originale","BGSD","Fontanini",0,,,"Debitum Andree Pitiani.  

[Su]b  dictis millesimo, indicione et die, in Sancto Daniele in stacione Francisci auri[ficis]  condam ser Antonii portolani de Valvesono habitantis in Sancto Daniele, presentibus dicto Francisco, Leonardo condam Dominici Tamburlini et Galvano condam Culuscii Florentini de Sancto Daniele et alliis. Franciscus filius Leonardi Cometti de Sancto Daniele per se et cetera et cum obligatione omnium suorum bonorum presencium et futurorum et cum refectione omnium et cetera promisit et stetit dare et solvere Andree condam Pitiani de Sancto Daniele stipulanti et recipienti pro se et cetera undecim cum dimidia marchas soldorum Veronensium parvulorum hinc ad proximum futurum festum nativitatis Domini nostri et hoc pro certis coraminis habitis et emptis a dicto Andrea prout ibidem contentus et confessus fuit, renuncians et cetera, promittens dictus debitor eidem creditori solvere et satisfacere sibi in totum et rendere eidem in omni loco et non probare finem et cetera, vocans se fore convictum et cetera."
106,48,17,"Codice 38","134","134",1388,"Luglio",11,11,"01/00/00 00:00:00",0,"Originale","BGSD","Fontanini",0,,,"Debitum Daniele.  

[Su]b  dictis M° et indicione, die XIa iulii, in Sancto Daniele in domo habitationis mei Georgii notarii, presentibus Guarnerio condam Odorici de Carpaco et Dominico filio Çunutini de Cavacio et alliis. Miculus dictus Tarussius condam Iohannis de Cavacio de Carnea pro se et cetera et cum obligatione et cetera promisit et stetit dare et solvere Daniele condam Vidalis de Sancto Daniele stipulanti pro se et cetera viginti libras soldorum Veronensium parvulorum et soldos octos hinc ad proximum futurum festum sancti Martini pro certa quantitate vini terrani albi empti habiti et recepti a dicto Daniele prout ibidem contentus fuit et confessus, renuncians et cetera, promittens dictus debitor eidem creditori solvere et satisfacere sibi in totum et vocavit se fore convictum et cetera."
107,64,48,"Codice 38","135","135",1388,"Luglio",12,11,"01/00/00 00:00:00",0,"Originale","BGSD","Fontanini",0,,,"Debitum Danielis.  

[Su]b  dictis millesimo et indicione, die XII iulii, in Sancto Daniele penes domum habitationis Vidoni sartoris, presentibus Corado Pidrisini, Berna[rdo]  Miculi Pelosi et Bartolomeo Nigri Martinucii omnibus de Sancto Daniele et alliis. Iacobus condam Francisci de Nugareto habitans in Sancto Daniele per se et cetera promisit et stetit dare et solvere Danieli condam Petri de Rodeglano habitanti in Sancto Daniele stipulanti et recipienti pro se et cetera quinquaginta libras soldorum Veronensium parvulorum, videlicet medietatem dicte monete hinc ad proximum futurum festum sancti Martini et aliam medietatem hinc ad proximum futurum festum nativitatis Domini nostri pro una equa pilli rubei empta habita et recepta a dicto Daniele prout ibidem contentus et confessus fuit, renuncians et cetera, promittens dictus debitor eidem creditori solvere et satisfacere sibi in totum et rendere eidem in omni loco et cetera, pro quibus omnibus atendendis dictus debitor obligavit et specialiter pro pignore mobilli designavit eidem creditori unam suam domum scitam in Sancto Daniele quam habitat dictus debitor iure livelli et cetera, ita tamen quod liceat eam vendi facere ad incantum si sibi non fuerit integre persolutum in dicto termino de dicto debito non obstantibus ailiquibus guerris et cetera, vocans se fore convictum et cetera, promisit insuper se constituere manutentorem cuicumque persone illam ementi ad incantum et suplitorem si quidem defecerit et cetera."
108,88,17,"Codice 38","136","136",1388,"Luglio",15,11,"01/00/00 00:00:00",0,"Originale","BGSD","Fontanini",0,,,"Debitum Cicuti.  

[Sub]  dictis millesimo et indicione, die XV iulii, in Sancto Daniele penes domum Cicuti hospitis, presentibus Liano condam Bruni Nigrussii, Çanuto et Dorico filiis Blasuti de Cisterna et alliis. Nicolaus condam Minii de Vençono et Nicolaus condam Culuscii de Buya per se et cetera et cum obligatione omnium suorum bonorum presencium et cetera in solidum promiserunt et steterunt dare et solvere Cicuto hospiti condam Ançuti habitanti in Sancto Daniele stipulanti pro se et cetera decem et octo ducatos boni auri et iusti ponderis hinc ad quindecim dies proximas futuras nomine puri et veri mutui in se habiti et cetera, renuncians exceptioni sibi non dati et cetera, promittentes   dicti debitores reddere et satisfacere sibi in totum et rendere eidem in omni loco et cetera et non probare finem et cetera, vocans se fore convictum et cetera."
109,64,9,"Codice 38","137","137",1388,"Luglio",15,11,"01/00/00 00:00:00",0,"Originale","BGSD","Fontanini",0,,,"Emptio Vidoni sartoris.

[Su]b  dictis millesimo et indicione et die, in Sancto Daniele penes domum Vidoni sartoris condam Iacobi de Sancto Daniele, presentibus Petro Turba, Federico condam Bilissii, Culao fabro condam Nicolay et Georgio condam Odorici Pasqual(uti) omnibus de Sancto Daniele et alliis. Franciscus filius Leonardi Cometti de Sancto Daniele precio et foro quatuor marcharum soldorum Veronensium parvulorum quod totum precium ipse fuit contentus et confessus habuisse et integre recepisse a Vidono sartore condam Iacobi de Sancto Daniele, renuncians et cetera per se et cetera dedit vendidit et tradidit antedicto Vidono stipulanti et ementi pro se et cetera unam peciam terre vidiatam scitam in Sancto Daniele cuius hii sunt confines iuxta Iacobum de Nugareto, iuxta fossatum comune, iuxta heredes condam Prassii, iuxta Liniutum condam Chau et iuxta Culaum et Cochulum fratres et filios Galli et iuxta viam quandam vel si qui et cetera iure livelli perpetualis cum omnibus et singulis que dicta pecia terre habet supra se intra se infra se et cetera et cum omnibus et singulis suis iuribus et cetera ad habendum, tenendum et cetera, solvendo tamen anuatim iure livelli perpetualis octo diebus ante festam carnisprivii Nicolao condam Bertuli fabri antescripto quinquaginta unum denarios novum monete Aquilegensis et nil aliud, constituens se et cetera, promittens dictus venditor per se et cetera eidem emptori stipulanti pro se et cetera dictam venditionem et omnia suprascripta perpetuo firma habere et ullo tempore litem non moveri nec moventi conscentire, sed in iure legiptime defendere et manutenere dictam peciam terre ab omni homine et persona et non contrafacere et cetera sib pena dupli et cetera, qua soluta vel non presens instrumentum obtineat plenum robur et cetera."
110,89,57,"Codice 38","138","138",1388,"Luglio",19,11,"01/00/00 00:00:00",0,"Originale","BGSD","Fontanini",0,,,"Debitum Tristani.  

Sub dictis millesimo et indicione, die XVIIIIor iulii, in Sancto Daniele penes domum heredum condam Miculissii Cometti de Sancto Daniele, presentibus Floremont condam ser Castelini de Sancto Vito, Odorico condam ser Varnerini et Daniele condam Iacobi Venerii de Sancto Daniele et alliis. Odoricus condam Cumucini da Sancto Vito habitans in Sancto Daniele per se et cetera et cum obligatione omnium suorum bonorum et cetera promisit et stetit dare et reddere Tristano condam Iacobi Viglaudi de Venzono habitanti in Flagonea stipulanti pro se et cetera quindecim ducatos boni auri et iusti ponderis hinc ad proximum futurum festum sancti Martini nomine puri et veri mutui in se habiti et cetera prout ibidem contentus et confessus fuit, renuncians et cetera, promittens dictus debitor eidem creditori solvere et satisfacere sibi in totum et rendere sibi ubique et non probare finem et cetera, vocans se fore convictum et cetera, pro quibus omnibus attendendis et observandis et precibus et instancia dicti debitoris domina Margirussa olim relicta dicti condam Miculissii et Petrus condam dmini Miculissii ibidem extiterunt fideiussores dicti debitoris, obligantes ad hec omnia eorum bona presencia et futura et cetera."
111,90,17,"Codice 38","139","139",1388,"Luglio",20,11,"01/00/00 00:00:00",0,"Originale","BGSD","Fontanini",0,,,"Debitum Cumucii.  

[Sub]  dictis millesimo et indicione, die XX iulii, in Sancto Daniele in canipa Petri Turbe condam Nicolay Marchoni de Sancto Daniele, presentibus dicto Petro et Culao eius filio, Georgio condam Odorici Pasqual(uti) de Sancto Daniele et alliis. Franciscus filius Leonardi Cometti et Amerlicus condam [...]  ambo de Sancto Daniele per se et cetera et cum obligatione omnium suorum bonorum et cetera promiserunt et steterunt dare et solvere magistro Leonardo cerdone condam Artici de Buya habitanti in Portunaone recipienti vice et nomine Cumucii condam Iohannis Marchulini de Sancto Daniele septuaginta sex libras soldorum Veronensium parvulorum, videlicet medietatem dicte monete hinc ad proximum futurum festum sancti Michaelis et aliam medietatem hinc ad proximum festum nativitatis Domini pro certis coraminis habitis et receptis a dicto Cumucio prout ibidem contenti et confessi fuerunt, renunciantes et cetera, promittentes dicti debitores eidem creditori solvere et satisfacere sibi in totum et rendere eidem in omni loco et cetera et non probare finem et cetera, vocantes se fore convictos et cetera."
112,91,58,"Codice 38","140","140",1388,"Luglio",25,11,"01/00/00 00:00:00",0,"Originale","BGSD","Fontanini",0,,,"Locatio Martini sibi facta per camerarium eccllesie Sancti Michaelis.

Sub dictis M° et indicione, die XXV iulii, in Sancto Daniele super plathea, presentibus Cumucio Petri Martini, Bertulino condam Misini fabri et Petro condam Dominici omnibus de Sancto Daniele et alliis. Odoricus Armiline ut camerarius eccllesie Sancti Michaelis de Sancto Daniele per se et eius successores et cum voluntate et conscensu [...]  ser Çuliani, ser Galvani condam ser Hectoris et ser [...]  Simonis Cicuti condam Ançuti, Artici condam Ançuti, Conradi condam Cometi, Machore condam Nicolay Contart et Iohannis Michaelis tamquam hominum de conscilio Sancti Danielis in conscilio existentium dedit, locavit, affictavit et investivit Martino condam Danielis Lupi de Sancto Daniele stipulanti pro se et cetera iure livelli perpetualis unam stationem seu domum cupibus copertam scitam in Sancto Daniele iuxta Federicum Marquardi, iuxta Iohannem Marquardi, iuxta presbterum Iohannem plebanum Versie et iuxta Martinum et iuxta viam publicam vel si qui et cetera cum omnibus et singulis suis iuribus et cetera ad habendum, tenendum et cetera, solvendo tamen anuatim iure livelli perpetualis dicte eccllesie Sancti Michaelis soldos Veronensium quinquaginta et nil aliud, pro quo quidem livello anuatim persolvendo in circhumcisione Domini dictus Martinus obligavit omnia sua bona presencia et futura et cum omni iure spangandi et dispangandi et cetera iuxta consuetudinem livelorum hactenus obsrvatam, constituens se et cetera, promittens dictus locator per se et nomine quo supra eidem conductori stipulanti pro se et cetera dictam locationem et omnia suprascripta perpetuo firma habere et ullo tempore litem non movere et cetera nec moventi conscentire, sed in iure legiptime defendere et manutenere dictam doum ab omni homine et cetera, sub pena dupli et cetera, qua soluta vel non et cetera presens instrumentum obtineat plenum robur et cetera."
113,93,9,"Codice 38","141","141",1388,"Luglio",26,11,"01/00/00 00:00:00",0,"Originale","BGSD","Fontanini",0,,,"Emptio Dominici ut camerarii eccllesie Sancto [...]   

Anno Domini millesimo IIIc LXXXVIII, XIa indicione, die XXVI iulii, in Sancto Daniele in canipa infrascripta vendita, presentibus Iohanne condam Miculi fistulatoris de Sancto Daniele, Martino Chiaciglino et Nicolao condam Stefani de Villanova et Uliano condam Miculissii de Vilanova et alliis. Morassa condam Miculi fistulatoris de Sancto Daniele precio et foro trium marcharum soldorum Veronensium parvulorum quod totum precium ipsa fuit contenta et confessa habuisse et integre recepisse a Dominico condam Toni de Ragonea ut camerario eccllesie Sancte <Sancte> Marie de Vilanova dante et solvente, renuncians et cetera per se et cetera dedit, vendidit, cessit, transtulit et mandavit antedicto Dominico stipulanti ementi et recipienti vice et nomine dicte eccllesie Sancte Marie omnia et singula eius iura et actiones reales et personales et cetera que et quas habet vel modo quocumque habere posset in et super una canipa a celo usque ad abissum scita in Sancto Daniele iuxta Pirucium de Farla, iuxta Leonardum Madrisani de Rivis et iuxta vias publicas vel si qui et cetera cum omnibus suis iuribus et cetera, ponens eum in locum suum et constituens eum suum procuratorem tamquam in rem suam propriam, ita quod a modo dictus Dominicus possit sine alicuius contradictione ut verus camerarius vel sui successores facere de dicta canipa omnimodam suam voluntatem, constituens se et cetera, promittens dicta venditrix per se et cetera dictam venditionem et omnia suprascripta perpetuo firma habere et ul[l]o tempore litem non movere et cetera et in iure legiptime defendere et manutenere dicta iura cessa ab omni homine et cetera et non contrafacere et cetera sub pena dupli et cetera, qua soluta vel [non] presens instrumentum obtineat plenum robur et cetera."
114,94,59,"Codice 38","142","142",1388,"Luglio",30,11,"01/00/00 00:00:00",0,"Originale","BGSD","Fontanini",0,,,"Donatio Nicolay fabri sibi facta per Leonardum Meresalginum de Spenimbergo.

Sub dictis M° et indicione, die penultimo mensis iulii, in Sancto Daniele sub portucubus domus Cicuti hospitis de Sancto Toma habitantis in Sancto Daniele, rpesentibus Nicolao filio dicti Cicuti, Dominico fabro condam Vendoy de Murucio habitante in Sancto Daniele et Bunuto condam Flumiani de Coseglano et alliis. Leonardus Meresalginus condam Tomasini de Spenimbergo per se et cetera et nomine donationis que dicitur inter vivos et cetera dedit, donavit et dedit Nicolao condam Iacobi fabri de Rodeglano stipulanti pro se et cetera omnia et singula sua iura que habet vel habere videtur in duobus ducatis aureis quos tenebatur sibi condam Çunutus barbitonssor olim Leonardi de Sancto Daniele pro resto unius debiti IIIIor ducatorum prout continetur quodam instrumento scripto manu mei Georgii notarii, constituens ipsum procuratorem tamquam in rem suam propriam et cetera ad habendum, tenendum et cetera, promittens habere ratum et cetera.
Cum omni melioramento."
115,91,61,"Codice 38","143","143",1388,"Agosto",2,11,"01/00/00 00:00:00",0,"Originale","BGSD","Fontanini",0,,,"Sententia ser Hendriussii de Vilalta.

Sub dictis M° et indicione, die secunda augusti, in Sancto Daniele super platea, presentibus Bertulino condam Misini fabri et Petro de Broonzicho de Sancto Daniele et alliis. Coram nobilli ser Çuliano gastaldioni Sancti Danielis et iuratis suis sedentibus in iudicio conparuit ser Hendriussius condam ser Meynardi de Vilalta et ad sui postulationem Augustinum preco comunis Sancto Danielis nuncius datus per sententiam eidem ser Hendriussio a dicto gastaldione ad pignorandum de bonis Danielis condam ser Nicoluscii notarii de Meduno habitantis in Sancto Daniele pro suis affictibus non solutis, retulit suo sacramento quod ivit ad pignorandum de bonis mobillibus dictis Danielis. Nec quicquam invenit salvis et (dempnis)  duobus linteaminibus qua relatione sic facta, sententiatum extitit ibidem per dictos iuratos quod dictus ser Hendriussium debeat habere nuncium ad pignorandum et impediendum de bonis stabillibus deficientibus tamen mobillibus dicti Danielis et sic lata dicta sententia dictus gastaldio in nuncium dedit eidem ser Hendriussio dictum Augustinum qui adimpletur dictam sententiam et cetera."
116,69,32,"Codice 38","144","144",1388,"Agosto",2,11,"01/00/00 00:00:00",0,"Originale","BGSD","Fontanini",0,,,"Procuratorium ser Hendriussii.

[Sub]  dictis millesimo, indicione et die, in Sancto Daniele super foro, presentibus Daniele e Culao fratribus et olim Mathie çot et Coculo filio Gali de Sancto Daniele et alliis. Nobillis ser Hendriussius condam ser Meynardi de Vilalta suo nomine et procuratorio nomine domine Francisce eius uxoris ut aserebatur per eum omnibus modo et cetera fecit, constituit et ordinavit Culaum condam Bertuliscii peliparii de Sancto Daniele Utini habitantem et Torculum condam Rodulfi de Ragonea ibidem presentes et cetera suos veros et certos nuntios et cetera in omnibus suis litibus quas habet cum Daniele condam ser Nicoluscii notarii de Meduno habitante in Sancto Daniele et generaliter et cetera ad agendum et cetera, promittens habere ratum et cetera et de iudicio sisti et cetera sub ypotheca et obligatione omnium suorum bonorum et cetera."
117,33,57,"Codice 38","145","145",1388,"Agosto",3,11,"01/00/00 00:00:00",0,"Originale","BGSD","Fontanini",0,,,"Debitum Bertulini.

Sub dictis millesimo et indicione, die tercia augusti in Sancto Daniele super [...] , presentibus Tomasino condam Lucart et Miculo eius filio de Sancto Daniele et alliis. Dominicus filius Venerii de Sancto Odorico per se et cetera et cum obligatione omnium suorum bonorum et cetera promisit et stetit dare et reddere Bertulino condam Misini fabri de Sancto Daniele stipulanti et recipienti pro se et cetera unam marcham soldorum Veronensium parvulorum hinc ad proximum futurum festum sancti Mic[h]aelis nomine puri mutui in se habiti et cetera, renuncians excpetioni et cetera, promittens dictus debitor eidem creditori solvere et satisfacere sibi in totum et rendere eidem in omni loco et cetera, vocans se fore convictum et cetera, pro quibus omnibus attendendis et precibus et instancia dicti debitoris et pro eo Mathiussius condam Minucii de Sancto Odorico ibidem extitit fideiussor dicti debiti, obligans ad hec omnia sua bona et cetera."
118,34,35,"Codice 38","146","146",1388,"Agosto",3,11,"01/00/00 00:00:00",0,"Originale","BGSD","Fontanini",0,,,"Sententia ser Hendriussii et appellatio.

[Sub]  dictis M° et indicione et die, sub lobia comunis Sancti Danielis, presentibus Andrea Pitiani, Articho condam Ançuti et Petro condam Nicolay omnibus de Sancto Daniele et alliis. Coram nobilli viro ser Çuliano gastaldioni Sancti Danielis et iuratis suis sedentibus in iudicio pro tribunali conparuit nobillis ser Hendriussius condam ser Meynardi de Vilalta ex una parte petente et Daniel condam ser Nicoluscii notarii habitans in Sancto Daniele ex altera se defendente nomine unius livelli petiti a dicto Daniele per dictum ser Hendriussium qinque ann[orum] , sententiatum extitit per dictos iuratos ibidem quod debetur credere sacramento dicti ser Hendriussii de livello trium annorum et de residio sacramento dicti Danielis cum dampnis et expensis et sic ibidem suo sacramento dictus ser Hendriussius iuratus fuit et dixit quod tenebatur sibi de tribus annis transactis livellum et ultra, videlicet centum et duodecim annorum anno singulo et sic ibidem taxate fuerunt expense in XL soldis et datus fuit sibi nuncius ad pignorandum dictum Danielem de dictis livello et expensis Augustinus preco comunis Sancti Danielis. Item in conscilio Sancti Danielis deliberatum fuit quod dictus ser Hendriussius debeat (ab) stare ad expensas dicti Danielis usque quo non solverit suprascriptum libellum et expensas."
119,33,17,"Codice 38","147","147",1388,"Agosto",9,11,"01/00/00 00:00:00",0,"Originale","BGSD","Fontanini",0,,,"Debitum Petri Nicolay.

[Su]b  dictis millesimo et indicione, die VIIIIor augusti, in Sancto Daniele super [...] , presentibus Melchiore condam Iohannis Signorelli, Nutto condam Purgulini et Amerlico cerdone condam .. de Sancto Daniele et alliis. Caterina olim relicta Nicolay de Campoformio masaria heredum olim Iohannis Nicolay de Sancto Daniele per se et cetera promisit et stetit dare et reddere Petro condam Nicolay de Sancto Daniele stipulanti pro se et cetera octo ducatos boni auri et iusti ponderis hinc ad proximum futurum festum sancti Iacobi nomine puri mutui et cetera, renuncians et cetera, promittens dicta debitrix eidem creditori solvere et satisfacere sibi in totum et rendere sibi ubique et cetera, vocans se fore convictam et cetera."
120,95,17,"Codice 38","148","148",1388,"Agosto",11,11,"01/00/00 00:00:00",0,"Originale","BGSD","Fontanini",0,,,"Debitum Andree Pitiani.

Sub dictis millesimo et indicione, die XI augusti, in Sancto Daniele penes domum Cicuti hospitis habitantis in Sancto Daniele, presentibus Liano condam Bruni, Simone fabro condam Meynardi et Leonardo condam Dominici Tamburlini omnibus de Sancto Daniele et alliis. Iohannes condam Scussii et Donatus condam Avance ambo de villa de Fanna per se et cetera et cum obligatione omnium suorum bonorum et ceetra in solidum promiserunt et steterunt dare et solvere Andree condam Pitiani de Sancto Daniele stipulanti et recipienti pro se et cetera undecim marchas denariorum novorum monete Aquilegensis hinc ad proximum futurum festum omnium sanctorum et hoc pro viginti quatuor porcis emptis habitis et receptis a dicto Andrea prout ibidem contenti et confessi fuerunt, renunciantes exceptioni et cetera, promittentes dicti debitores solvere et satisfacere sibi in totum et rendere sibi in omni loco et cetera et non probare finem et cetera, vocantes se fore convictos et cetera."
121,96,48,"Codice 38","149","149",1388,"Agosto",11,11,"01/00/00 00:00:00",0,"Originale","BGSD","Fontanini",0,,,"Debitum Tibaldi.  

Sub dictis M°, indicione et die, penes domum habitationis Odorici [condam]  Cumucini de Sancto Vito habitantis in Sancto Daniele, presentibus Daniele condam Petri Signorelli, Vorlico condam Fuyacini et Trussolo condam Pili(ri)ni omnibus suprascriptis de Sancto Daniele et alliis. Culaus condam Salaruti de Sancto Daniele pro se et cetera et cum obligatione omnium suorum bonorum et cetera promisit et stetit dare et reddere Tibaldo condam <condam> ser Nicolay de Susanhabitanti in Sancto Daniele stipulanti pro se et cetera quinquaginta libras soldorum Veronensium parvulorum hinc ad proximum futurum festum nativitatis domini nostri Iesu Christi nomine puri et veri mutui et cetera, prout ibidem contentus et confessus fuit, renuncians et cetera, promittens dictus debitor eidem creditori solvere et satisfacere sibi in totum et rendere eidem in omni loco et cetera, pro quibus omnibus atendendis et observandis dictus debitor obligavit et specialiter pro pignore mobilli designavit eidem creditori unam suam canipam sictam in Sancto Daniele iuxta Iohannem Misini, iuxta Mathiussium Dominici Sentani vel si qui et cetera, ita tamen quod liceat eam vendi facere ad incantum pro pignore mobilli et cetera si sibi non fuerit integre persolutum de dicto debito non obstantibus aliquibus guerris et cetera, vocans se fore convictum et cetera."
122,97,32,"Codice 38","150","150",1388,"Agosto",12,11,"01/00/00 00:00:00",0,"Originale","BGSD","Fontanini",0,,,"Procuratorium ser Tini.

[Sub]  dictis M° et indicione, die XII augusti, in burgo Trichani superioris, presentibus nobillibus ser Henrico condam ser Iacobi, ser Odorico condam ser Pantaleonis et reverendo presbitero Fradocio condam Çassii de Sancto Daniele et alliis. Nobillis ser Tinus condam ser Francisci de Trichano superiori omnibus modo et cetera fecit, constituit et ordinavit providos Henricum et Driucium fratres et olim Nicolay et Miculum condam Stefani ac Culuscium Landine de Trichano inferiori abscentes tamquam presentes et cetera in omnibus suis litibus quas habet cum quibuscumque personis occasionibus quibuscumque coram reverendissimo et cetera ad agendum et cetera et generaliter et cetera."
123,98,41,"Codice 38","151","151",1388,"Agosto",16,11,"01/00/00 00:00:00",0,"Originale","BGSD","Fontanini",0,,,"Finis remissio Auline.

Sub dictis M° et indicione, die XVI augusti, in Sancto Daniele sub p[...]  domus habitationis Francisci aurificis condam ser Antonii portolani de Val[vesono]  habitantis in Sancto Daniele, presentibus dicto Francisco, Tibaldo condam ser Nicolay de Susano, Cavasio portanerio, Çunuto filio Tonii Pilussii de Sancto Daniele et Simone filio Dominici Vecigli de Masergis et alliis. Cum Aulina condam Durlici de Coseglano teneretur dare Lucie et Margarete eius matri condam Frutulini de Sancto Daniele unum lectum, unam cultra, duo paria linteaminum, unam pilipiam et unum fustaneum vigore cuiusdam sententie late per Dianielam condam Vidalis, Andream Cargnani et Mulitinum de Sancto Daniele tamquam arbitros dictarum parcium ut patet quodam instrumento scripto manu mei Georgii notarii, nunc vero coram dictis testibus et me notario ser Çulianus condam ser Tocii de Sancto Daniele tamquam procurator dictarum Lucie et Margarete fuit contentus et confessus habuisse et recepisse bonam et integram solutionem de omnibus suprascriptis a Culao dicte Auline dante et solvente nomine dicte Auline, faciens sibi plenam finem et cetera, absolvens et liberans eam et cetera, promittens habere ratum et cetera.
Cum omni melioramento."
124,54,66,"Codice 38","152","152",1388,"Agosto",16,11,"01/00/00 00:00:00",0,"Originale","BGSD","Fontanini",0,,,"Promissio  inter ser Nicolaum et ser Antonium.

[Sub]  dictis millesimo et indicione et die, in Sancto Daniele penes domum Mussesse, presentibus Andrea condam ser Pitiani, Leonardo condam Dominici Tamburlini et Orlando condam Morassini omnibus de Sancto Daniele et alliis. Ibique nobillis ser Nicolaus condam ser Brissini ex una parte et ser Antonius condam ser Federici de Toppo ex altera de omnibus eorum litibus et questionibus que sunt vel verti et esse possunt inter eos occasione unius emptionis facte per dictum ser Nicolaum a quodam Francisco de Carnea, se libere conpromiserunt in ser Flechum condam ser Anceloti de Buya et in ser Çulianum condam ser Tocii de Sancto Daniele tamquam in arbitros et cetera, dantes et concedentes eisdem arbitris plenam licenciam sententiandi alte et basse, amicabiliter et de iure inter dictas partes, presentibus partibus vel non, dum tamen fuerint citate hinc ad proximum futurum festum sancte crucis, promittentes dicte partes sibi invicem, videlicet et cetera per se et cetera omnes sententias ferendas per dictos arbitros firmas habere et observare sub pena centum librarum soldorum Veronensium parvulorum, cuius pene medietas cedat domino meresalcho et alia medietas parti arbitrium observanti et cetera."
125,33,57,"Codice 38","153","153",1388,"Agosto",17,11,"01/00/00 00:00:00",0,"Originale","BGSD","Fontanini",0,,,"Debitum Artici et Petri.  

Sub dictis M° et indicione, die XVII augusti, in Sancto Daniele penes [...]  [...]  condam Iohannis Nicolay, presentibus Federico condam Bilissii Chiz[ano]  condam Meynardi de Sancto Daniele et Dominico fabro condam Vendoy habitante in Sancto Daniele et alliis. Iorius condam Danielis de Maiano principalis debitor et Vidonus sartor condam Iacobi de Sancto Daniele fideiussor per se et cetera in solidum promiserunt et steterunt dare et solvere Artico condam Ançuti et Petro condam Nicolay de Sancto Daniele stipulantibus pro se et cetera traginta octo libras soldorum Veronensium parvulorum hinc ad proximum futurum festum sancti Michaelis et hoc pro uno bove habito empto et recepto a dictis Petro et Artico prout ibidem contenti et confessi fuerunt, renunciantes et cetera, promittentes dicti debitor et fideiussor solvere et satisfacere sibi in totum et rendere sibi in omni loco et cetera, vocantes se fore convictos et cetera."
126,34,67,"Codice 38","153","153",1388,"Agosto",20,11,"01/00/00 00:00:00",0,"Originale","BGSD","Fontanini",0,,,"Productio appellationis producte per Cumucium.

Sub dictis millesimo et indicione, die XX augusti, sub lobia comunis Sancti Danielis, presentibus Iohanuto filio Cicuti, Liano condam Bruni et Pupissio condam Mathie Çot et alliis. Coram ser Çuliano gastaldioni Sancti Danielis sedente in iudicio cum iuratis suis conparuit Cumucius macelator de Prodolono et produxit et legi fecit ibidem quandam appellationm corectam per dominum Andream de Monticulis."
127,99,17,"Codice 38","154","154",1388,"Agosto",23,11,"01/00/00 00:00:00",0,"Originale","BGSD","Fontanini",0,,,"Debitum Andree Luvisini.

[Sub dictis]  millesimo et indicione, die XXIII augusti, in Sancto Daniele penes domum Iohannis Petri Canis de Sancto Daniele, presentibus Daniele filio Leonardi de Puteo, Durissa condam Bertoloti de Turida et Culao condam Mathei de Faganea  et alliis. Martinus condam Dominici Ma[...]  de Turida per se et cetera et cum obligatione et cetera promisit et stetit dare et sol[vere]  Andree condam Morassini de Sancto Daniele stipulanti et recipienti pro se et cetera duodecim libras soldorum et soldos sexdecim hinc ad proximum futurum festum sancti Michaelis pro una equa pilli nigri habita et empta a dicto Andrea prout ibidem contentus fuit, renuncians et cetera, promittens dictus debitor eidem creditori solvere et satisfacere sibi in totum et rendere eidem in omni loco et cetera et non probare finem et cetera, vocans se fore convictum et cetera."
128,99,49,"Codice 38","155","155",1388,"Agosto",23,11,"01/00/00 00:00:00",0,"Originale","BGSD","Fontanini",0,,,"Emptio Tomadi.
Publicata.

Sub dictis millesimo et indicione, die et loco, presentibus Tomasino [...]  et Miculo eius filio et Culuscio condam Danielis Furidruche de S[ancto]  Daniele et Culao condam Tirussii de Ragonea habitante in Carpaco et alliis. Odoricus condam Nicolay de Carpaco precio et foro quique marcharum soldorum Veronensium parvulorum quod totum precium ipse fuit contentus et confessus habuisse et integre recepisse a Tomado condam Meynardi de Maiano, renuncians et cetera per se et cetera iure livelli perpetualis dedit, vendidit et tradidit antedicto Tomado stipulanti et ementi pro se et cetera unam eius canipam scitam in Sancto Daniele cuius hii sunt confines iuxta   canipam ser Odorici de Trichano, iuxta canipam eccllesie Sancti .. de Rodeglano et iuxta vias publicas vel si qui et cetera cum omnibus et singulis que sunt supra intra et infra se a celo usque ad abissum et cum omni iure et actione et cetera ad habendum, tenendum et cetera, constituens se et cetera, solvendo tamen anuatim iure livelli perpetualis in circhuncisione Domini eccllesie Sancte Marie de Sancto Daniele denarios Aquilegie monete quinque et nil aliud, promittens dictus venditor per se et cetera et cum obligatione omnium suorum bonorum et cetera eidem emptori stipulanti pro se et cetera dictam venditionem et omnia suprascripta eprpetuo firma habere et ullo tempore litem non movere nec moventi conscentire, sed in iure legiptime defendere et manutenere dictam canipam ab omni homine et persona et non contrafacere et cetera sub pena dupli et cetera, qua soluta vel non omnia suprascripta obtineant plenum robur et in nuncium tenute datus fuit Hostus frater dicti venditoris."
129,100,49,"Codice 38","156","156",1388,"Agosto",24,11,"01/00/00 00:00:00",0,"Originale","BGSD","Fontanini",0,,,"Emptio Dominici.

[Sub dic]tis  millesimo et indicione, due XIIIIor augusti, in Sancto Daniele ante domo habitationis Vidoni sartoris condam Iacobi de Sancto Daniele, presentibus Alberto condam ser Artici de Farla et dicto Vidono et Michaele filio Dominici Vecigli de Masergis habitante in Sancto Daniele et alliis. Seraphinus condam Danielis de Rivota precio et foro duodecim marcharum soldorum Veronensium parvulorum quod totum precium ipse fuit contentus et confessus habuisse et integre recepisse a Dominico condam Tuniussii de Flaybano, renuncians exceptioni et cetera per se et cetera iure livelli perpetualis dedit, vendidit et tradidit dicto Dominico stipulanti et ementi pro se et cetera unam eius domum paleis copertam scitam in Sancto Daniele cuius hii sunt confines iuxta Paulum de Nugareto, iuxta Mathurinum de Rivucicho, iuxta murum castelanum e iuxta viam publicam vel si qui et cetera cum omnibus et singulis que dicta domus habet supra se intra se infra se a celo usque ad abissum et cum omnibus suis iuribus et pertinenciis et cetera ad habendum, tenendum et cetera, constituens se et cetera, solvendo tamen anuatim iure livelli perpetualis eccllesie Sancte Marie de Sancto Daniele denarios Aquilegie monete octo et nil aliud, promittens dictus venditor per se et cetera et cum obligatione omnium suorum bonorum et cetera eidem emptori stipulanti pro se et cetera dictam venditionem et omnia suprascripta perpetuo firma habere et cetera et ullo tempore litem non movere et cetera, sed in iure legiptime defendere et manutenere dictam domum ab omni homine et persona et non contrafacere et cetera sub pena dupli et cetera, qua soluta vel non omnia suprascripta obtineant plenum robur et in nuncium tenute datus fuit Albertus testis prefatus et cetera."
130,101,68,"Codice 38","157","157",1388,"Agosto",24,11,"01/00/00 00:00:00",0,"Originale","BGSD","Fontanini",0,,,"Pacta inter Petrum Bruni et Armaninum.

[Sub]  dictis millesimo, indicione et die, in confinibus Sancti Danielis in campo [...]  condam Iohannis Petri Signorelli in staòlis, presentibus dicto Marchieto et Francisco condam ser Antonii de Valvesono habitante in Sancto Daniele et alliis. Cum Lianus condam Bruni de Sancto Daniele precibus Petri sui fratris promisisset et stetisset dare Armanii condam Armani de Maybuech habitanti in Sancto Daniele pro dote Gnisute filie dicti Petri et uxoris dcti Armani unam cultram, unam pilipiam et unam tunicam, nunc vero coram dictis testibus dictus Petrus nomine donationis que dicitur inter vivos dedit et donavit eidem Armano libertatem et gratiam standi et habitandi in et super duis domibus scitis in Sancto Daniele cuius hii sunt confines iuxta Galeam, iuxta Gnisutam de Maiano vel si qui et cetera usque quo tamen dictus persolverit et dederit eidem Armano dictam ciltram, pilipiam et tunicam sine aliquo affictu eidem persolvendo, constituens se et cetera, promittens habere ratum et cetera cum obligatione omnium suorum bonorum et cetera."
131,37,32,"Codice 38","158","158",1388,"Agosto",25,11,"01/00/00 00:00:00",0,"Originale","BGSD","Fontanini",0,,,"[Pro]curatorium  Antonii, Christofoli, Petri, Leonardi et mei Georgii.

[Sub]  dictis millesimo et indicione, die XXV augusti, in Sancto Daniele penes macelum, presentibus ser Glemono condam ser Fante, Alberto condam ser Artici, Francisco filio Leonardi Cometi et Antonio condam Çassii omnibus de Sancto Daniele et alliis. Antonius notarius condam Nicolay, Petrus condam Odorici Pasqualis, Leonardus condam Dominici, Chistoforus condam Martinucii omnes de Sancto Daniele e ego Georgius notarius omnibus modo et cetera fecimus comuniter et divisim, ordinavimus et constituivimus nobilem ser Galvanum condam ser Hectoris, Iohanutum filium Cicuti de Sancto Daniele et providos Laurencium Arpucii et Nicoluscium de Sancta Maria la Longa Utini habitantem et quemlibet ipsorum in solidum suos veros et certos procuratores et cetera specialiter in omnibus suis litibus et cetera quas habemus cum quibuscumque hominibus et personis occasionibus quibuscumque et cetera coram reverendissimo domino Iohanne patriarcha Aquilegensi et eius officialibus et cetera ad agendum et cetera et generaliter ad omnia et cetera, promittimus cum obligatione omnium nostrorum bonorum et cetera habere ratum et cetera."
132,69,51,"Codice 38","159","159",1388,"Agosto",31,11,"01/00/00 00:00:00",0,"Originale","BGSD","Fontanini",0,,,"Locatio ser Melchioris.
Publicata pro locatore.

Sub ditis millesimo et indicione, die ultimo augusti, super foro [...] , presentibus Iohanuto filio Cicuti hospitis habitante in Sancto Daniele, Iohanne de Masergis et Mathia filio Bunuti de Coseglano et alliis. Ser Melchior condam ser Pidrussii de Aviano per se et ceetra dedit, locavit et affictavit iure affictus simplicis Bertullo condam Vorlici de Pignano habitanti in Sancto Daniele stipulanti pro se et cetera unum suum mansum scitum in villa de   Rodeglano olim rectum per condam Ducem de dicta villa Rodeglani cum omnibus suis pratis, campis, silvis, pascuis, nemoribus, domibus, cureis, areis et aquarum decurs<s>ibus et cum omnibus suis iuribus et cetera, videlicet a proximo festo sancti Michaelis a[d] quatuordecim annos proximos subsequentes, ad habenudmm, tenendum, possidendum et cetera, solvendo tamen anuatim iure affictus simplicis eidem locatori vel suis heredibus tria staria frumenti, unum starium silliginis, duo staria avene, duo staria milei et viginti quatuor denarios Aquilegenses usque ad dicum terminum quatuordecim annorum demptis et exceptis duobus annis prioribus incipientibus dictorum quatuordecim annorum in quibus dictum affictum antedictus Bertulus non teneatur solvere, hiis tamen pactis habitis et solemnibus stipulationibus inter dictas partes firmatis quod dictus Bertulus debeat sentasse dictum mansum a proximo festo sancti Michalis ad unum annum loco et foco et dictus locator non possit aufferre dictum mansum eidem conductori usque ad dictum terminum et dictus conductor non possit dictum mansum relassare quin non teneatur slvere dictum affictum usque ad dictum terminum et in fine termini reddere dictum mansum melioratum, obligantes ad hec omnia sua bona et cetera, promittens dictus locator per se et cetera eidem conductori stipulanti pro se et cetera dictam locationem et omnia suprascripta perpetuo habere firma et ullo tempore litem non movere et cetera, sed dictum mansum in iure legiptime manutenere ab omni homine et cetera et non contrafacere et cetera sub pena dupli et cetera, qua soluta vel non et cetera presens instrumentum obtineat plenum robur."
133,69,41,"Codice 38","160","160",1388,"Agosto",31,11,"01/00/00 00:00:00",0,"Originale","BGSD","Fontanini",0,,,"Finis remissio Martini Lupi.

Sub dictis M° et indicione, die et loco, presentibus ser Çuliano condam ser Tocii, ser Glemono condam ser Fante, Mulitino condam Muli, Adamussiio condam Meynardi et Bernardo filio Miculi Pelosi omnibus de Sancto Daniele et aliis. Cum Martinus condam Danielis Lupi teneretur dare Miniusse olim relicte Danielis Lupi decem et octo libras denariorum Aquilegensium pro uno bone ducto per dictam Miniussam in domo dicti condam Danielis prout ibidem per dictas partes aserebatur, nunc vero coram dictis testibus dicta Miniussa fuit contenta et confessa habuisse et recepisse integre a Martino antedicto tamquam administratore hereditatis dicti condam Danielis dictas decem et octo libras denariorum Aquilegensium, renuncians et cetera, faciens sibi plenam finem remissionem et cetera de dictis pecuniis, absolvens et liberans eum et cetera, promittens et iurans corporaliter et cetera dictam finem habere ratam et cetera.
Cum omni melioramento."
134,102,17,"Codice 38","161","161",1388,"Settembre",2,11,"01/00/00 00:00:00",0,"Originale","BGSD","Fontanini",0,,,"Debitum Tibaldi.    
Publicata.

Millesimo IIIc LXXXVIII, XIa indicione, die secunda septembris in Sancto Daniele sub rovulo penes domum infrascripti Tibaldi, presentibus Federico condam Billissii, Andrea condam Morassini et Blasiono monacho omnibus de Sancto Daniele et alliis. Ibique providus Guarnerius condam Henrici speciarii de Glemona per se et cetera et cum obligatione omnium suorum bonorum presencium et cetera promisit et stetit dare et solvere Tibaldo condam ser Nicolay de Susano stipulanti pro se et cetera tredecim marchas soldorum Veronensium parvulorum et libras sex dicte monete in duobus terminis, videlicet medietatem dicte pecunie hinc ad proximum futurum festum sancti Michaelis et aliam medietatem hinc ad proximum futurum festum sancti Martini et hoc pro centum libris boni et meri piperis in se habiti et empti a dicto Tibaldo prout ibidem contentus fuit, renuncians et cetera, promittens dictus debitor eidem creditori solvere et satisfacere sibi in totum et rendere eidem in omni loco et cetera et non probare finem et cetera, vocans se fore convictum de premissis et cetera."
135,35,48,"Codice 38","162","162",1388,"Settembre",4,11,"01/00/00 00:00:00",0,"Originale","BGSD","Fontanini",0,,,"Debitum Andree Morassini.

Sub dictis M° et indicione, die IIIIor septembris, in Sancto Daniele penes stacionem Francisci aurifici condam ser Antonii de Valvesono habitantis in Sancto Daniele, presentibus dicto Francisco, Federico codnam Billissii et Mathiussio dicto Malvenot omnibus de Sancto Daniele et alliis. Iohannes condam Dominici Male[...]  de Savorgnano per se et cetera et cum obligatione et cetera promisit et stetit dare et solvere Andree condam Morassini de Sancto Daniele stipulanti pro se et cetera tredecim ducatos boni auri et soldos Veronensium viginti hinc ad proximum futurum [festum] sancti Michaelis pro duabus equabus emptis et habitis a dicto Andrea prout ibidem contentus fuit, renuncians et cetera, promittens dicto creditori solvere et satisfacere sibi in totum et cetera et rendere eidem in omni loco et cetera, pro quibus omnibus attendendis et observandis dictus debitor eidem creditori obgliavit et specialiter pro pignore mobilli desginavit unam suam domum tegulis copertam scitam in Sancto Vito iuxta Fraducium de Sancto Vito, iuxta Omnebonum, iuxta murum castelanum et iuxta viam publicam vel si qui et cetera, ita tamen quod liceat et cetera eam vendi facere ad incantum non obstantibus et cetera, vocans se fore convictum et cetera."
136,35,34,"Codice 38","163","163",1388,"Settembre",4,11,"01/00/00 00:00:00",0,"Originale","BGSD","Fontanini",0,,,"Procuratorium Caterine.

Sub dictis millesimo et indicione et die et loco, presentibus reverendo presbitero Christoforo conda Ticiani, nobilli ser Bertulo condam ser Çanutti, Andrea condam Pitiani et Antonio notario condam Nicolay omnibus de Sancto Daniele et alliis. Honesta iuvenis domina Katerina condam Culuscii et soror olim Galvani de Sancto Daniele omnibus modo et cetera fecit, constituit et ordinavit providum Ulianum condam .. de Sancta Mariça abscentem et cetera suum verum et certum nuncium acotem factorem et legiptimum procuratorem et cetera specialiter in inquirendo cadaver olim dicti Galvani fratris nunc nuperime procella maris sumerssi et eius bona secum decenda coram quibuscumque dominiis et cetera et generaliter et cetera, promittens habere ratum et cetera.
Cum omni melioramento et cetera."
137,91,32,"Codice 38","164","164",1388,"Settembre",6,11,"01/00/00 00:00:00",0,"Originale","BGSD","Fontanini",0,,,"Procuratorium domine Gerdrudis.

[Sub]  dictis millesimo et indicione, die VIa seeptembris super plathea comunis Sancti Danielis, presentibus ser Francisco condam ser Simonis de Sancto Daniele, Daniele condam Petri de Rodeglano et Petro Mar de Sancto Daniele et alliis. Domina Gerdrut condam ser Candidi de Flagonea et uxor Pauli condam ser Nicolay de Ragonea omnibus modo et cetera et cum voluntate dicti Pauli ibidem presentis et cetera fecit, constituit et ordinavit ser Nicolaum de Soldaneriis de Utino et Candidum notarium de Tarcento Utini habitantem asbscentes et cetera suos veros et certos nuncios et cetera specialiter in omnibus suis litibus et cetera quas habet vel habitura est cum quibuscumque hominibus et personis quibuscumque rationibus et cetera coram reverendissimo in Christo patre et domino domino Iohanne patriarcha Aquilegensi et eius offficialibus quibuscumque et cetera ad agendum et cetera et generaliter ad omnia alia et singula et cetera, promittens et iurans habere ratum et de iudicio sisti et de mandato solvendo cum omnibus suis clausulis et cetera."
138,103,27,"Codice 38","165","166",1388,"Settembre",8,11,"01/00/00 00:00:00",0,"Originale","BGSD","Fontanini",0,,,"Testamentum Daniele Vidalis.

Sub dictis M° et indicione, die octavo septembris in villa Sancti Danielis [...]  domus habitationis infrascripti testatoris, presentibus Toso Del, Bertuliscio condam [...] , Tomado condam Culuscii Bruni, Culuscio condam Iohannis Micole, Miculo filio Tomasini et Michaele filio Cumussii omnibus de Sancto Daniele et Fortunato condam Iacobi de Masergis testibus et alliis pluribus ad hec vocatis et rogatis a dicto testatore et cetera.   Providus Daniela condam Vidalis de Sancto Daniele per gratiam domini nostri Iesu Christi sanus mente et scensu licet corpore langeuat, timens humanam fragilitatem ne intestata decederet, suarum rerum et bonorum omnium per presens nuncupativum testamentum sine scriptis dispositionem et suum ultimum testamentum in hunc modum facere procuravit. Imprimis quidem sepulturam sui corporis iussit penes eccllesiam Sancti Michaelis de Sancto Daniele et in sepultura spetimo et trigesimo fieri prout suis infrascriptis heredibus honorifice videbitur. Cui quidem eccllesie Sancti Michaelis iure legati legavit duas eius canipas scitas intra muros Sancto Danielis iuxta canipam Petri Margareti, iuxta Sbruglum, iuxta murum castelanum et iuxta via[m] publicam vel si qui et cetera cum omnibus earum iuribus et cetera ad hoc ut dicta eccllesia facere debeat fieri anuatim et [in] perpetuo suum aniversarium cum decem presbiteris eorum cuilibet dando denarios Aquilegie quatuor. Item voluit et iuxit quod quandocumque Culissa eius neptis et condam Culissii filii sui nubet habere debeat de bonis suis pro dote sua quatuor marchas soldorum Veronensium aprvulorum et unam archam cum toro uno et aliis paramentis nupcialibus quibuscumque prout conpetit eius (natura). Item iuxit et voluit dari quibuscumque petentibus sue infrascripte hereditatis porcionem soldos quinque pro sua legiptima, exceptis Petro et Iacobo infrascriptis legiptimis heredibus a dicto testatore constitutis. // [...]m  autem suis bonis mobillibus et inmobillibus, iuris et actionibus sibi universales heredes instituit et esse voluit Petrum et Iacobum suos filios et hanc voluit esse suam ultimam voluntatem et suum ultimum testamentum quam et quod valere voluit iure testamenti et si iure testamenti valere non posset, voluit velere iure codicilorum et cuiuslibet alterius ultime voluntatis quo melius velere potest et tenere."
139,104,48,"Codice 38","167","167",1388,"Settembre",8,11,"01/00/00 00:00:00",0,"Originale","BGSD","Fontanini",0,,,"Debitum Petri et Driussii.

Sub dictis M°, indicione et die, in Sancto Daniele penes domum habitationis Odorici Danielle, presentibus Odorico condam ser Varnerini de Sancto Daniele, Antonio condam Bonetti de Nugareto et Francisco condam Dominici Çani de Rodeglano et alliis. Iohannes condam Nicolay fabri habitans in Flaybano per se et cetera promisit et stetit dare et solvere providis Petro condam Nicolay de Sancto Daniele et Driussio condam Danielis de Turida habitanti in Sancto Daniele stipulantibus pro se et cetera septem ducatos boni auri et soldos quidraginta quatuor hinc ad proximum futurum festum sancti Michaelis pro una equa pilli rubei habita et empta ab ipsis prout ibidem contentus et confessus fuit, renuncians et cetera, primittens dictus debitor eisdem creditoribus solvere et satisfacere sibi in totum et rendere eisdem in omni loco et cetera, pro quibus omnibus atendendis et observandis dictus debitor obligavit et specialiter pro pignore mobilli designavit eisdem creditoribus unam suam canipam scitam in Sancto Daniele iuxta Comanum de Vilanova, iuxta vias publicas vel si qui et cetera, ita tamen quod liceat dictis creditoribus eam vendi facere ad incantum non obstantibus et cetera, vocans se fore convictum et cetera."
140,69,32,"Codice 38","168","168",1388,"Settembre",10,11,"01/00/00 00:00:00",0,"Originale","BGSD","Fontanini",0,,,"Procuratorium Andree Pitiani.

Sub dictis millesimo et indicione, die X septembris, super foro Sancti Danielis, presentibus ser Flecho condam ser Anceloti, ser Bertulo condam ser Çanuti et presbitero Fradocio condam Cassi omnibus de Sancto Daniele et alliis. Andreas condam Pitiani de Sancto Daniele omnibus modo et cetera fecit, constituit et ordinavit providos Artichum condam Ançuti et Nicolaum condam Meynardi de Sancto Daniele abscentes tamquam presentes suos veros et certos nuncius, actores et legiptimos procuratores specialiter in omnibus suis litibus quas habet cum Iohanne Maylano de Tulmecio et cetera occasionibus quibuscumque et cetera ciram quocumque dominio et cetera ad agendum et cetera, promittens habere ratum et cetera."
141,33,33,"Codice 38","169","169",1388,"Settembre",11,11,"01/00/00 00:00:00",0,"Originale","BGSD","Fontanini",0,,,"Procuratorium Petri.
Publicata.

Sub dictis M° et indicione, die XI septembris, in Sancto Daniele super [...] , presentibus Pupissio condam Mathie Cot et Victoro filio magistri Laurencii ambobus in Sancto Daniele habitantibus et alliis. Petrus condam Nicolay de Sancto Daniele omnibus modo et cetera fecit, constituit et ordinavit providos Iacobum Michisoti et Petru Catinum de Vançono ac Bertradum de Mels et Artichum olim Ançuti de Sancto Daniele abscentes et cetera suos procuratores generales ad omnia et cetera, promittens habere ratum et cetera."
142,34,61,"Codice 38","170","170",1388,"Settembre",12,11,"01/00/00 00:00:00",0,"Originale","BGSD","Fontanini",0,,,"Sententia ser Bertuli.

Sub dictis millesimo et indicione, die XII septembris sub lobia comunis Sancti Danielis, presentibus Petro condam Nicolay, Antonio notario condam Nicolay et Federico condam Billissii omnibus de Sancto Daniele et alliis. Coram nobilli ser Çuliano condam ser Tocii gastaldioni Sancti Danielis et iuratis suis conparuit ser Bertulus condam ser Çanuti de Sancto Daniele et produxit ibidem quoddam instrumentum publicum quo lecto ibidem sententiatum extitit per dictos iuratos, habito prius conscilio bonorum virorum, quod dictus ser Bertulus habere debeat nuncium comunis ad pignorandum et accipiendum de bonis Linneti condam Chau de Sancto Daniele tamquam heredis ipsius condam Chau usque ad integram satisfactionem suam et deficientibus bonis ipsius mobillibus habere debeat regressum ad stabillia et sic iuxta sententiam datus fuit Augustinus preco comunis Sancti Danielis ad pignorandum ut supra."
143,35,48,"Codice 38","171","171",1388,"Settembre",13,11,"01/00/00 00:00:00",0,"Originale","BGSD","Fontanini",0,,,"Debitum Danielis.  

Sub dictis millesimo et indicione, die XIII septembris, in Sancto Daniele pe[nes]  stacionem Francisci aurificis habitantis in Sancto Daniele, presentibus dicto Francisco et Iacobo Piçastua de Sancto Daniele et Odorico Rubeo de Sancto Odorico et alliis. Ibique Miniussa condam Marcucii de Rodeglano habitans in Sancto Daniele per se et cetera promisit et stetit dare et solvere provido viro Danieli condam Petri de Rodeglano habitanti in Sancto Daniele stipulanti pro se et cetera octo marchas soldorum Veronensium parvulorum et soldos traginta septem hinc ad procimum futurum festum sancti martini pro bono frumento habito et empto a dicto Daniele prout ibidem conenta et confessa fuit, renuncians et cetera, promittens et cetera, pro quibus omnibus attendendis dicta debitrix obligavit et specialiter pro pignore mobilli designavit unam suam canipam scitam in Sancto Daniele sub domum habitationis sue et cetera, ita tamen quod liceat et cetera, vocans se fore convictam et cetera."
144,69,48,"Codice 38","172","172",1388,"Settembre",13,11,"01/00/00 00:00:00",0,"Originale","BGSD","Fontanini",0,,,"Debitum Petri.

[Sub dic]tis  millesimo et indicione et die, super foro Sancti Danielis, presentibus nobilli ser Nicoluscio condam ser Lessii de Sancto Daniele, presbitero Christoforo et Antonio f[...]  et olim Ticiani de Cenita et alliis. Mathiosius condam Pauli de Carpaco per se et cetera promisit et stetit dare et reddere Petro condam Nicolay de Sancto Daniele stipulanti pro se et cetera tres marchas soldorum Veronensium parvulorum hinc ad proximum futurum festum sancti Martini nomine puri mutui in se habiti, renuncians et cetera, promittens dictus debitor eidem creditori solvere et satisfacere sibi in totum et rendere sibi ubique et non probare finem et cetera, pro quibus atendendis et observandis dictus debitor obligavit et specialiter pro pignore mobilli designavit unam suam canipam scitam in Sancto Daniele iuxta Çunutum de Cisterna, iuxta Men[i]cam olim relicta Cesaris et iuxta vias publicas vel si qui et cetera, ita tamen quod liceat eam vendi facere ad incantum non obstantibus aliquibus gueris et cetera si sibi non fuerit persolutum de dicto debito in dicto termino, vocans se fore convictum et cetera."
145,41,49,"Codice 38","173","173",1388,"Settembre",14,11,"01/00/00 00:00:00",0,"Originale","BGSD","Fontanini",0,,,"Emptio Iacobi Bertuli.

Sub dictis M° et indicione, die XIIIIor septembris, in Sancto Daniele [...]  habitationis Vidoni sartoris condam Iacobi de Sancto Daniele, presentibus Leo[nardo]  condam Cometti, Culao condam Bertuli fabri et Antonio Pilussii omnibus suprascriptis de Sancto Daniele et alliis. Petrus condam Culay de Agaro de Sancto Daniele precio et foro quinque marcharum soldorum Veronensium parvulorum et soldorum quidraginta dicte monete quod totum precium ipse fuit contentus et confessus habuisse et integre recepisse a Iacobo condam Bertuli de Sancto Daniele, renuncians exceptioni sibi non dati et cetera per se et cetera iure livelli perpetualis dedit, vendidit et tradidit antedicto Iacobo stipulanti et ementi pro se et cetera medietatem unius sue canipe scite in Sancto Danielis cuius hii sunt confines ab una parte iuxta me Georgium notarium, a secunda iuxta Çunutum de Cisterna, a tercia iuxta dictum venditorem et a quarta iuxta viam publicam vel si qui et cetera cum omnibus et singulis que dicta medietas canipe habet supra se intra se infra se a celo usque ad abissum et cum omnibus suis iuribus et cetera ad habendum, tenendum, possidendum, alienandum et cetera, constituens se et cetera, solvendo tamen anuatim iure livelli perpetualis heredibus condam ser Hectoris de Sancto Daniele denarios Aquilegie quinque in circhumcisione Domini et nil aliud, promittens dictus venditor per se et cetera et cum obligatione omnium suorum bonorum presencium et futurorum et refectione dampnorum et cetera eidem emptori stipulanti et recipienti pro se et cetera dictam venditionem et omnia suprascripta perpetuo firma habere et ullo tempore litem non movere nec moventi conscentire, sed in iure legiptime defendere et manutenere dictam medietatem canipe ab omni homine et persona et non contrafacere dicere et cetera sub pena dupli et cetera, qua soluta vel non presens instrumentum et omnia in eo contenta obtineant plenum robur et in nuncium tenute datus fuit Leonardus testis prefatus et cetera."
146,69,41,"Codice 38","174","174",1388,"Settembre",20,11,"01/00/00 00:00:00",0,"Originale","BGSD","Fontanini",0,,,"Finis remissio Abrae.

Sub dictis M° et indicione, die vigesimo septembris, super foro Sancti Danielis, presentibus Odorico Russito, Bertulino fabro condam Misini, Orlando condam Morassini de Sancto Daniele omnibus, Iacobo condam Laurencii de Susano et Leonardo decano de Maiano et alliis. Cum Abraam condam Leonardi de Susano teneretur dare se Flecho condam ser Anceloti de Buys habitanti in Sancto Daniele certam quantitatem pecunie tam nomine mutui quam aliarum quarumcumque rationum, nunc vero coram dictis testibus dictus ser Flechus fuit contentus et confessus habuisse et recepisse a dicto Abraam bonam et integram solutionem de omnibus que sibi tenetur vel tenebatur usque ad diem presentem rationibus quibuscumque factis et cetera, faciens sibi plenam finem et cetera, volens et mandans quod omne instrumentum quod appareret contra dictum Abraam sit cassum et vanum et cetera, promittens habere ratum et cetera.
Cum omni melioramento."
147,105,9,"Codice 38","175","175",1388,"Settembre",20,11,"01/00/00 00:00:00",0,"Originale","BGSD","Fontanini",0,,,"Emptio Marie.

Sub dictis millesimo, indicione et die, in eccllesia Sancti Michaelis [de]  Sancto Daniele, presentibus Petro Polano, Michaele condam Birtuli Mari[...]  et Michaele condam Mathie Çoti de Sancto Daniele omnibus et alliis. Miculus condam Petri Piçoloti de Vilanova precio et foro sex marcharum soldorum Veronensium parvulorum quod otum precium ipse fuit contentus et confessus habuisse et integre recepisse a Maria eius filia, renuncians exceptioni sibi non dati et cetera per se et eius heredes dedit, vendidit et tradidit dicte Marie stipulanti et ementi pro se et cetera unum suum solare paleis copertum scitum in Sancto Daniele cuius hii sunt confines a parte inferiori et sub dicto solio est canipa dicti venditoris et ab uno latere possidet Culuscius Masarutus habitans Sancti Danielis, a secunda presbiter Henricus, a tercia est via publica et a quarta Simon molendinarius vel si qui et cetera iure proprii et in perpetuum cum omnibus que sunt supra et intra et cum omnibus suis iuribus et cetera ad habendum, tenendum et cetera, constituens se et cetera, promittens dictus venditor per se et cetera et cum obligatione omnium suorum bonorum et cetera eidem emptrici stipulanti et recipienti pro se et cetera dictam venditionem et omnia suprascripta perpetuo firma habere et ullo tempore litem non movere nec moventi conscentire, sed in iure legiptima defendere et manutenere dictum solium ab omni homine et persona et non contrafacere et cetera sub pena dupli et cetera, qua soluta vel non et cetera et in nuncium tenute data fuit domina Lucia olim relicta ser Çanuti de Sancto Daniele et cetera."
148,96,48,"Codice 38","176","176",1388,"Settembre",27,11,"01/00/00 00:00:00",0,"Originale","BGSD","Fontanini",0,,,"Debitum ser Bertuli.  

[Sub]  dictis millesimo et indicione, die XXVII septembris, penes domum habitationis Odorici condam Cumucini de Sancto Vito habitantis in Sancto Daniele, presentibus Christoforo condam Matinucii, Antonio conda Billissii et Petro Polano omnibus de Sancto Daniele et alliis. Presbiter Fradocius condam Çassii de Sancto Daniele per se et cetera promisit et stetit dare et reddere ser Bertulo condam ser Çanuti de Sancto Daniele stipulanti et recipienti pro se et cetera novem ducatos boni auri et iusti ponderis hinc ad proximum futurum festum sancti Martini nomne puri mutui in se habiti et cetera, renuncians et cetera, promittens et cetera, pro quibus attendendis dictus debitor eidem creditori obligavit et specialiter pro pignore mobilli designavit unum suum solium tegulis copertum scitum in Sancto Daniele iuxta Artichum condam Ançuti, iuxta Danielam Vidalis et sub est canipa Tofuli fratris dicti debitoris vel si qui et cetera cum omnibus suis iuribus et cetera, ita tamen quod liceat eum vendi facere ad incantum et cetera, vocans se fore convictum et cetera."
149,64,48,"Codice 38","177","177",1388,"Settembre",28,11,"01/00/00 00:00:00",0,"Originale","BGSD","Fontanini",0,,,"Debitum Petri.

Sub dictis millesimo et indicione, die XXVIII septembris, in Sancto Daniele penes domum habitationis Vidoni sartoris condam Iacobi, presentibus dicto Vidono, Federico condam Billissii de Sancto Daniele et Petro condam Michaelis de Sancto Daniele et alliis. Iohannes Tribicinus de Paluça de Carnea per se et cetera promisit et stetit dare et solvere provido Petro condam Nixolay de Sancto Daniele stipulanti pro se et cetera viginti duas libras cum dimidia soldorum Veronensium parvulorum hinc ad proximum futurum festum sancti Martini pro vini  terrano habito et empto a dicto Petro prout ibidem contentus fuit, renuncians et cetera, promittens satisfacere sibi in totum et rendere sibi in omni loco et cetera, pro quibus omnibus atendendis dictus debitor obligavit et specialiter pro pignore mobilli designavit eidem creditori unum suum curum feratum et unam suam equam pilli nigri et omnia alia sua bona et cetera, ita tamen quod liceat ea vendi facere ad incantum ubique et cetera, vocans se fore convictum et cetera."
150,64,0,"Codice 38","178","178",1388,"Settembre",30,11,"01/00/00 00:00:00",0,"Originale","BGSD","Fontanini",0,,,"[Procuratorium Ka]terine .

[Sub]  dictis millesimo et indicione, die ultimo septembris, in Sancto Daniele penes domum habitationis Vidoni satoris de Sancto Daniele, presentibus dicto Vidono condam Iacobi, Antonio filio Petri Bruni et Venuto filio Merli omnibus de Sancto Daniele et alliis. Caterina condam Pauli de Utino et uxor providi Iohannis condam Billissii de Sancto Daniele ibidem presentis volentis et cetera omnibus modo et cetera fecit, constituit et ordinavit dictum Iohannem suum maritum ibidem presentem et cetera suum verum et certum nuncium actorem factorem et cetera et procuratorem legiptimum generalem et specialem in omnibus suis litibus et cetera coram reverendissimo domino Iohanne patriarcha et cetera ad agendum et cetera et generaliter et cetera, promittens et iurans habere ratum et cetera."
151,34,61,"Codice 38","179","179",1388,"Ottobre",3,11,"01/00/00 00:00:00",0,"Originale","BGSD","Fontanini",0,,,"Ser Bertuli sententia.

Sub dictis millesimo et indicione, die tercia octubris, sub lobia comunis Sancti Danielis, presentibus Iohanne muratore condam Petri et Leonardo Pasqualuti de Sancto Daniele et alliis. Augustinus preco comunis Sancti Danielis tamquam nuntius datus per sententiam ser Bertulo condam ser Çanuti de Sancto Daniele ad pignorandum de bonis Linuti condam Chau de Sancto Daniele coram nobilli ser Çualiano gastaldioni Sancti Danielis et iuratis suis retulit se non invenisse quicquam de bonis mobillibus dicti Linuti, qua relatione sic facta, ad peticionem dicti ser Bertuli ibidem presentis sententiatum fuit per iuratos quod dictus ser Bertulus habeat nuncium ad pignorandum de stabillibus bonis dicti Linuti usque ad integram satisfactionem suam et sic dictus preco datus fuit nuncius eidem ser Bertulo et cetera."
152,33,54,"Codice 38","180","180",1388,"Ottobre",5,11,"01/00/00 00:00:00",0,"Originale","BGSD","Fontanini",0,,,"Prolatio ser Bertuli.

[Prof]ratur  per Augustinum preconem comunis et cetera ad peticionem ser Bartolomei condam ser Çanuti de Sancto Daniele Lynuto condam Cahu de <de> Sancto Daniele tamquam heredi ipsius condam patris sui domus cum duabus campis et cum tereno vacuo sue proprie habitationis iuxta Vidonum sartorem, iuxta heredes condam Piassii, iuxta fossatum comune, iuxta viam publicam. Item due canipe alie una recta per Agnetem de Maiano, altera per Henricum eius fratrem scitas in Sancto Daniele iuxta Franciscum de Carpaco, iuxta Martinum de Maiano et iuxta fossatum comune vel si qui et cetera pro certa quantitate bladi frumenti siliginis et milei obligata eidem ser Bartolomeo et domine Lucie tamquam tutrice ipsius ser B. per dictum condam Chaum ad videndum vendi et cetera die iovis proxima inter nonam et vesperas sub lobia cum ipsoque manutentore et non cum aliis, datum Sancti Danielis die V octubris, XIa indicione."
153,33,54,"Codice 38","181","181",1388,"Ottobre",5,11,"01/00/00 00:00:00",0,"Originale","BGSD","Fontanini",0,,,"Prolatio Antonii.  

Millesimo IIIc LXXXVIII, XIa indicione, proferatur per Augustinum preconem et cetera ad peticionem Antonii condam Ticiani de Cenita habitantis in Sancto Daniele, Stefano condam Nicolay Bertuli de Maiano tamquam heredi condam Coni fratris sui de Maiano  una domus scita in Sancto Daniele iuxta Iohannem condam Petri Canis, iuxta Petrum de Flaybano, iuxta quandam andronam et iuxta viam publicam pro certa quantitate pecunie eidem Antonio per condam Conum antedictum pro pignore mobilli obligata ad videndum vendi incantari et rationabilliter in Sancto Daniele delivrari die sabati proxima futura inter nonam et vesperas sub lobia cum ipso Stefano tamquam herede ipsius condam Coni manutentore et non cum aliis, datum Sancti Daniels die V octubris."
154,106,32,"Codice 38","182","182",1388,"Ottobre",9,11,"01/00/00 00:00:00",0,"Originale","BGSD","Fontanini",0,,,"Procuratorium dominorum Guarnerii, Bertuli et Nicolay.

[Sub]  dictis millesimo et indicione, die VIIIIor octubris, in   castro Sancti Danielis in palatio et domo habitationis infrascripti ser Nicolay, presentibus Petroma(ri)o condam Iacobi Pissini, Maiuço condam Riçoti de Sedeglano, Iohanne condam Nicolay de Masergis habitante in Farla et alliis. Nobillis Guarnerius ser Tomasuci , Bertulus condam ser Çunuti et Nicolaus condam ser Artici de Sancto Daniele omnibus modo, vie et cetera quibus de iure et cetera fecerunt ser Coradum condam ser Lissii de Sancto Daniele abscentem et cetera suum procuratorem et cetera specialiter in omnibus eorum litibus et questionibus quas habent vel habituri sunt cum nobili ser Federico condam ser Bielli de Savorgnano habitante in Madris occasionibus et rationibus quibuscumque ad agendum et cetera et generaliter ad omnia et cetera, promittentes habere ratum et cetera."
155,107,49,"Codice 38","183","183",1388,"Ottobre",12,11,"01/00/00 00:00:00",0,"Originale","BGSD","Fontanini",0,,,"Emptio Sarayne.

Sub dictis millesimo et indicione, die XII octubris, in Sancto Daniele [...]  domus habitationis domine Clare condam Franiscuti de Sancto Daniele, pre[sentibus]  Tosulo condam Sotte et Dominico Cusitino de Sancto Danile ac Nicolao dicto Çavato condam Venuti Maleventure de Sancto Liçeo et alliis testibus.   Ibique Culuscius condam Iohannis Micole de Sancto Daniele precio et foro sex marcharum soldorum Veronensium parvulorum quod totum precium ipse fuit contentus et confessus habuisse et integre recepisse a domina Sarayna condam Franciscuti de Sancto Daniele et uxore Iohanuti Cicuti de Sancto Toma, renuncians exceptioni sibi non dati et cetera per se et cetera iure livelli perpetualis dedit, vendidit et tradidit antedicte Sarayne stipulanti, ementi et recipienti pro se et cetera cum voluntate nutu et conscensu dicti Iohanuti ibidem presentis et cetera unam suam canipam scitam in Sancto Daniele iuxta Maurum Uliani de Sancto Daniele, iuxta dictum venditorem, iuxta quandam andronam et iuxta viam publicam vel si qui et cetera cum omnibus que sunt supra intra et infra a celo usque ad abissum et cum omnibus suis iuribus et cetera ad habendum, tenendum et cetera, constituens se et cetera, solvendo tamen anuatim iure livelli perpetualis domino Corado condam Liscii de Sancto Daniele denarios Aquilegensis monete sex et nil aliud, promittens ditus venditor per se et cetera et cum obligatione omnium suorum bonorum et cetera eidem emptrici stipulanti pro se et cetera dictam venditionem et omnia suprascripta perpetuo firma habere et ullo tempore litem non movere nec moventi conscentire, sed in iure elgiptime defendere et manutenere dictam canipam venditam ab omni homine et persona et non contrafacere et cetera sub pena dupli et cetera, qua soluta vel non presens instrumentum et omnia in eo contenta obtineant plenum robur."
156,54,51,"Codice 38","184","184",1388,"Ottobre",18,11,"01/00/00 00:00:00",0,"Originale","BGSD","Fontanini",0,,,"Locatio ser Guarnerii.

[Sub]  dictis millesimo et indicione, die XVIII octubris, penes domum Mu[...]  de Sancto Daniele, presentibus ser Glemono condam ser Fante, Andrea condam Pitiani et Alberto condam ser Artici omnibus de Sancto Daniele et alliis. Presbiter Christoforus condam Ticiani de Cenita tamquam factor et procurator domini Guarnerii de Sancto Daniele ut aserebatur ibidem per se et cetera dedit, locavit et affictavit iure affictus simplicis Simoni condam .. de Madris stipulanti pro se et cetera unum suum mansum scitum in Madris rectum per dictum Simonem hinc ad decem annos proximos conpletos, cum hoc quod ipse ser Guarnerius non possit aufer[r]e sibi sictum mansum hinc ad dictum terminum et ipse Simon non possit   relaxare ad habendum et cetera, solvendo tamen anuatim de afictu simplici frumenti staria IIIIor, avene staria II, milei staria III, surgi staria II, vini congia II, frixacenses XII, galinas II cum ovis, pro quibus affictibus solvendis   dictus Simon obligavit unam suam canipam in Faganea scitam cuius hii sunt confines in curtina ser Lynosii et iuxta eum, iuxta decanum de Coseglano, iuxta viam publicam vel si qui et cetera   pro pignore mobilli, ita tamen quod liceat eam vendi facere ad incantum in omni loco et cetera, promittentes dicte partes sibi invicem dicta pacta et omnia suprascripta habere firma et cetera et non contrafacere et cetera sub pena dupli et cetera."
157,42,48,"Codice 38","185","185",1388,"Ottobre",18,11,"01/00/00 00:00:00",0,"Originale","BGSD","Fontanini",0,,,"Debitum ser Guarnerii.

Sub dictis millesimo, indicione, die, loco et testibus. Henricus condam Pic[...]  de Bania per se et cetera promisit et stetit dare et solvere presbitero Christoforo condam Ticiani habitanti in Sancto Daniele stipulanti vice et nomine ser Guarnerii de Sancto Daniele septem ducatos boni auri et iusti ponderis hinc ad proximum futurum festum sancti Michaelis nomine puri mutui in se habiti, renuncians et cetera, promittens dictus debitor eidem creditori solvere et satisfacere sibi in totum et rendere in omni loco et cetera, pro quibus atendendis dictus debitor obligavit duas suas vacas, unam pilli çimuli, alteram bruni, ita tamen et cetera et omnia sua bona et cetera, vocans se fore convictum et cetera."
158,64,49,"Codice 38","186","186",1388,"Ottobre",21,11,"01/00/00 00:00:00",0,"Originale","BGSD","Fontanini",0,,,"Emptio Dominici Alexii.

[Sub dic]tis  millesimo et indicione, die XXI octubris, in Sancto Daniele penes domum habitationis Vidoni sartoris condam Iacobi, presentibus domino presbitero Iohanne plebano Versie et capelano in eccllesia Sancte Marie de Sancto Daniele, Culao Preti de Sancto Daniele, Federico condam Billissii et Munuto condam Doti sartoris de Sancto Daniele ac Paulo condam Misini de Gavonis h[abitante]  in Sancto Daniele et alliis. Antonius condam Fuyacini de Sancto Daniele precio et foro decem marcharum cum dimidia soldorum Veronensium parvulorum quod totum precium ipse fuit contentus et confessus habuisse et integre recepisse a Dominico condam Alexii Sandri de Sancto Daniele, renuncians exceptioni sibi non dati et cetera per se et cetera iure feudi litterarum domini patriarche dedit, vendidit et tradidit antedicto Dominico stipulanti ementi et recipienti pro se et cetera quinque campos, unum baiarcium et tres pecias prati quorum duorum tales sunt confines in ripa Quarii et iuxta comugnam circhumquaque, unus in Largoryan, iuxta Leonardum Iacobi Venerii, quartus in Bolga iuxta dictum venditorem et iuxta Piçardinum, quintus in Bevorchia di prat iuxta Odoricum dal Çor et iuxta Bisanum, baiarcius in Plaçola iuxta Pilirinum Gureli, iuxta Driuçam Meç et iuxta viam publicam, due pecie in prato del Clauçat iuxta Egidium de Ragonea, iuxta Bertulinum Misini, iuxta   tercie etiam in prato de Clauçat iuxta Gregorium de Puteo et iuxta dictum Bertulinum vel si qui et cerera cum omnibus et singulis que dicta bona habet supra se intra et infra et cum omnibus suis vitibus, arboribus, nemoribus, sivis, viis et cetera et cum omni iure et actione et cum omnibus suis iuribus et pertinenciis quoquo modo dicto venditori spectantibus et cetera ad habendum, tenendum et cetera, constituens se et cetera, promittens dictus venditor per se et cetera et cum obligatione omnium suorum bonorum et cetera eidem emptori stipulanti pro se et cetera dictam venditionem et omnia suprascripta perpetuo firma et ullo tempore litem non movere nec moventi conscentire, sed in iure legiptime defendere et manutenere dicta bona ab omni homine et persona et non contrafacere et cetera sub pena dupli et cetera, qua soluta vel non omnia suprascripta perpetuo firma perdurent."
159,33,49,"Codice 38","187","187",1388,"Ottobre",22,11,"01/00/00 00:00:00",0,"Originale","BGSD","Fontanini",0,,,"Emptio Christofori.
[Publicata] .

Sub dictis millesimo et indicione, die XXII octubris, in Sancto Daniele in [...]  infrascripti Tofuli emptoris, presentibus Leonardo condam Cometti, Simone fabro condam Meynardi et Articho condam Ançuti et Iohanne Cucito omnibus de Sancto Daniele et alliis. Culuscius condam Danielis Furidruche de Sancto Daniele precio et foro octo marcharum cum dimidia soldorum Veronensium parvulorum quod totum precium ipse fuit contentus et confessus habuisse et integre recepisse a Tofulo condam Sotte de Sancto Daniele, renuncians exceptioni sibi non dati non habiti et cetera per se et cetera iure livelli perpetualis dedit, vendidit et tradidit antedicto Tofuli stipulanti ementi et recipienti pro se et cetera unam canipam scitam in Sancto Daniele a celo usque ad abissum cuius hii sunt confines iuxta Vicciglum de Farra, iuxta presbiterum Danielem condam Çuli de Sancto Daniele et iuxta quandam Andronam et iuxta viam publicam vel si qui et cetera cum omnibus que sunt supra intra et infra et cum omnibus suis iuribus et cetera ad habendum, tenendum et cetera, constituens se et cetera, solvendo tamen anuatim iure livelli perpetualis in circhumcisione Domini prepositure Sancti Stefani soldos Veronensium parvulorum quinque et nil alius, promittens dictus venditor per se et cetera et cum obligatione omnium suorum bonorum et cetera eidem emptori stipulanti et recipienti pro se et cetera dictam venditionem et omnia suprascripta perpetuo firma habere et ullo tempore litem non movere nec moventi conscentire, sed in iure legiptime defendere et manutenere dictam canipam ab omni homine et persona et non contrafacere et cetera sub pena dupli, qua soluta vel non presens instrumentum et omnia suprascripta firma perdurent et in nuncium tenute datus fuit Leonardus testis prefatus et cetera."
160,108,48,"Codice 38","188","188",1388,"Ottobre",25,1,"01/00/00 00:00:00",0,"Originale","BGSD","Fontanini",0,,,"Debitum presbiteri Iohannis.  

[Sub dict]is  M° et indicione, die XXV octubris, in Sancto Daniele super linda domus habitationis infrascripti creditoris, presentibus Leonardo condam Cometti, Bertulino fabro condam Misini et Leonardo olim Iacobi Venerii omnibus de Sancto Daniele et alliis. Mathiussius condam Mich de Sancto Daniele per se et cetera et cum obligatione omnium suorum bonorum et cetera promisit et stetit dare et reddere ac solvere reverendo domino presbitero Iohanni plebano Sancti Danielis stipulanti pro se et cetera septem marchas soldorum Veronensium parvulorum et soldos quadraginta dicte monete hinc ad proximum futurum festum sancti Iacobi nomine puri mutui in se habiti, renuncians exceptioni sibi non dati et cetera, promittens dictus debitor eidem creditori solvere et satisfacere sibi in totum et rendere sibi in omni loco et non probare finem et cetera, pro quibus omnibus attendendis dictus debitor obligavit et specialiter pro pignore mobilli designavit eidem creditori unam suam canipam scitam in Sancto Daniele iuxta Danielem Patrisnostri, iuxta Laurencium de Casasola et iuxta viam publicam, item unam suam brayduçam in Roncho iuxta Federicum Marquardi, iuxta Coradum Pidrissini et iuxta dictum creditorem, item et omnia alia sua bona et cetera, ita tamen quod liceat dicta bona vendi facere ad incantum non obstantibus aliquibus guerris et cetera, vocans se fore convictum de premissis et cetera."
161,35,48,"Codice 38","189","189",1388,"Ottobre",26,11,"01/00/00 00:00:00",0,"Originale","BGSD","Fontanini",0,,,"Debitum Andree.

Sub dictis millesimo et indicione, die XXVI octubris, in Sancto Daniele pe[nes]  stacionem Francisci aurificis habitantis in Sancto Daniele, presentibus Liano condam Bruni de Sancto Daniele et Venerio dicto Pasero de Carpaco et alliis. Finus condam Danielis de Turida per se et cetera promisit et stetit dare et solvere provido Andree condam Pitiani de Sancto Daniele stipulanti pro se et cetera decem ducatos boni auri et iusti ponderis hinc ad proximum futurum festum sancti Michaelis pro duobus bovibus habitis et emptis a dicto Andrea prout ibidem contentus et confessus fuit, renuncians exceptioni sibi non dati et cetera, promittens dictus debitor eidem creditori solvere et satisfacere sibi in totum et rendere sibi in omni loco et cetera, pro quibus atendendis dictus debitor obligavit et designavit et cetera eidem creditori dictos boves pili rubei et flori et omnia alia sua bona et cetera, vocans se fore convictum et cetera."
162,71,32,"Codice 38","190","190",1388,"Ottobre",26,11,"01/00/00 00:00:00",0,"Originale","BGSD","Fontanini",0,,,"Procuratorium Bodici.

[Sub]  dictis millesimo et indicione et die, in Sancto Daniele penes domum canipam ser Cumucii condam Iohannis Marchulini de Sancto Daniele, presentibus dicto Cumucio, Georgio condam Odorici Pasqualini et Iohanne condam Billissii de Sancto Daniele et alliis. Bodiç condam Iohannis de Sancto Odorico habitans in Sancto Daniele omnibus modo et cetera fecit consstituit et ordinavit providum Laurencium Arpucii habitantem in Utino et Antonium condam Çassii de Sancto Daniele abscentes et cetera suos veros et certos nuncius, actores, factores et legiptimos procuratores specialiter in omnibus eius litibus quas habet vel habiturus est cum ser Tino condam ser Francisci de Trichano superiori occasionibus quibuscumque et cum quibuscumque aliis et cetera coram reverendissimo in Christo patre et domino domino Iohanne patriarcha Aquilegensi et eius officialibus et cetera ad agendum et cetera et generaliter ad omnia alia et cetera, relevans et cetera, promittens et cetera."
163,34,50,"Codice 38","191","191",1388,"Ottobre",28,11,"01/00/00 00:00:00",0,"Originale","BGSD","Fontanini",0,,,"Locatio Glemonis.

Sub dictis millesimo et indicione, die XXVIII octubris, in Sancto Daniele [sub]  lobia, presentibus ser Çuliano condam ser Tocii, Iacobo condam Lupi de Sancto Daniele et Iohanne arçatore de Masergis et alliis. Ibique ser Glemonus condam ser Fante de Sancto Daniele per se et cetera iure livelli perpetualis secundum consuetudinem livelorum patrie Foriiulii dedit, locavit et affictavit Augustino preconi condam Marchi de Sancto Daniele stipulanti pro se et cetera unum suum ortum scitum in Tramerdar in confinibus Sancti Danielis iuxta Dominicum fabrum et iuxta Tomadum fabrum eius fratrem et iuxta vias publicas vel si qui et cetera cum omnibus suis vitibus, arboribus et cetera et cum omnibus suis iuribus et cetera ad habendum et cetera, constituens et ceetra, solvendo tamen anuatim dicto locatori vel suis heredibus in sancto Michaele medium starium boni frumenti et in nativitate Domini unam bonam spatulam porcinam iure livelli perpetualis, pro quo quidem livello obligavit omnia sua bona presencia et futura, hiis pactis quod dictus conductor debeat usufructuare unam poçam penes scitam ad sortes cum Nicolao de Carpaco habitante in Sancto Daniele , promittens dictus locator per se et cetera et cum obligatione omnium suorum bonorum et cetera eidem conductori stipulanti pro se et cetera dictam locationem etomnia suprascripta perpetuo firma habere et ullo tempore litem non movere et cetera, sed in iure legiptime defendere et manutenere et cetera ab omni homine et cetera et non contrafacere et ceetra sub pena dupli et cetera, qua soluta vel non omnia suprascripta perpetuo perdurent."
164,109,48,"Codice 38","192","192",1388,"Ottobre",28,11,"01/00/00 00:00:00",0,"Originale","BGSD","Fontanini",0,,,"Debitum ser Guarnerii.

[Sub]  dictis M°, indicione et die, in Sancto Daniele penes domum habitationis Clare condam Franciscuti, presentibus Andrea condam Pitiani, çanuto filio Cicuti et   Mauro condam Uliani Panele omnibus de Sancto Daniele et alliis. Dominicus condam Valeti de Coseglano per se et cetera promisit et stetit dare et solvere presbitero Christoforo condam Ticiani habitanti in Sancto Dnaiele stipulanti vice et nomine ser Guarnerii condam ser Tomasuti de Sancto Daniele octo ducatos boni auri et iusti ponderis et soldos viginti hinc ad proximum futurum festum sancti Michaelis pro duabus vachis habitis emptis et receptis prout ibidem contentus fuit una pili rubei et altera flori, promittens dictus debitor eidem cerditori solvere sibi in totum et rendere eidem in omni loco et cetera, pro quibus atendendis dictus debitor obligavit et designavit dictas vacas et omnia alia sua bona et cetera, vocans se fore convictum et cetera."
165,64,48,"Codice 38","193","193",1388,"Ottobre",29,11,"01/00/00 00:00:00",0,"Originale","BGSD","Fontanini",0,,,"Debitum se Guarnerii.

Sub dictis millesimo et indicione, die XXVIIIIor octubris, in Sancto Daniele penes domum habitationis Vidoni sartoris, presentibus presbitero Fradocio condam Çassii, Federico et Antonio fratribus et olim Bilissii de Sancto Daniele et alliis. Iohannes inbleta villa de Puteo per se et cetera et cum oblgiatione onium suorum bonorum et cetera promisit et stetit dare et solvere presbitero Christoforo habitanti in Sancto Daniele stipulanti vice et nomine domini Guarnerii condam ser Tomasuti de Sancto Daniele octo ducatos boni auri et iusti ponderis et soldos viginti hinc ad proximum futurum festum sancti Michaelis pro duabus vachis habitis et emptis a dicto presbitero Christoforo prout ibidem contentus fuit et cetera, renuncians et cetera, promittens dictus debitor eidem creditori solvere et satisfacere sibi in totum et respondere sibi in omni loco et cetera, pro quibus atendendis dictus debitor obligavit et designavit dictas vacas unam brunam alteram rubeam et omnia sua bona et cetera, vocans se fore convictum et cetera."
166,64,48,"Codice 38","194","194",1388,"Ottobre",29,11,"01/00/00 00:00:00",0,"Originale","BGSD","Fontanini",0,,,"Debitum ser Guarnerii.

[Sub]  dictis millesimo, indicione, die, loco et testibus. Brunettus filius Michaelis (duarum) per se et cetera et cum obligatione omnium suorum bonorum et cetera promisit et stetit dare et solvere presbitero Christoforo condam Ticiani de Cenita stipulanti vice et nomine domini Guarnerii condam ser Tomasuti de Sancto Daniele octo ducatos boni auri et iusti ponderis et soldos viginti hinc ad proximum futurum festum sancti Michaelis pro duabus vachis emptis et habitis a dicto presbitero Christoforo prout ibidem contentus et confessus fuit, renuncians et cetera, promitens dictus debitor eidem creditori solvere et satisfacere sibi in totum et rendere sibi in omni loco et cetera, pro quibus omnibus atendendis dictus debitor obligavit et designavit dictas vachas una[m] pili rubei et altera[m] bruni et omnia alia sua bona et cetera, vocans se fore convictum et cetera."
167,48,48,"Codice 38","195","195",1388,"Ottobre",29,11,"01/00/00 00:00:00",0,"Originale","BGSD","Fontanini",0,,,"Debitum ser Guarnerii.

Sub dictis M°, indicione et die, in Sancto Daniele in domo habitationis mei Georgii notarii, presentibus Iohanuto filio Cicuti hospite et Driussio condam Danielis de Turida habitante in Sancto Daniele et alliis. Ulianus condam Firlini de Guriciça per se et cetera et cum obligatione omnium suorum bonorum et cetera promisit et stetit dare et solvere presbitero Christoforo habitanti in Sancto Daniele stipulanti vice et nomine domini Guarnerii de Sancto Daniele septem ducatos boni auri et iusti ponderis hinc ad proximum futurum festum sancti Michaelis pro duabus vachis una bruna et altera flora habitis et emptis a dicto presbitero Christoforo prout ibidem contentus et confessus fuit, renuncians exceptioni et cetera, promittens reddere et satisfacere sibi in totum et rendere eidem in omni loco et cetera, pro quibus omnibus attendendis dictus debitor obligavit et designavit dictas vachas et omnia sua bona et cetera, vocans se fore convictum et cetera."
168,91,17,"Codice 38","196","196",1388,"Ottobre",29,11,"01/00/00 00:00:00",0,"Originale","BGSD","Fontanini",0,,,"Debitum ser Guarnerii.

[Sub dicti]s  millesimo, indicione et die, super plathea Sancti Danielis, presentibus Henrico filio Preti de Sancto Daniele et Iohanne de Lariva de Flaybano habitante in Sancto Daniele et alliis. Vidussius condam Radii de Flaybano per se et cetera et cum obligatione omnium suorum bonorum et cetera promisit et stetit dare et solvere presbitero Christoforo habitanti in Sancto Daniele stipulanti vice et nomine domini Guarnerii condam ser Tomasuti de Sancto Daniele octo ducatos boni auri et iusti ponderis hinc ad proximum futurum festum sancti Michaelis pro una equa pili nigri habita et empta a dicto presbitero Christoforo prout ibidem contentus et confessus fuit, renuncians et cetera, promittens dictus debitor solvere et satisfacere sibi in totum et rendere sibi in omni loco et cetera, pro quibus omnibus attendendis dictus debitor obligavit et designavit dictam equam et omnia alia sua bona presencia et futura, vocans et fore convictum et cetera."
169,110,69,"Codice 38","197","197",1388,"Ottobre",29,11,"01/00/00 00:00:00",0,"Originale","BGSD","Fontanini",0,,,"Emptio Federici.

Sub dictis millesimo, indicione et die, in Sancto Daniele in stacione [...]  Vidoni sartoris condam Iacobi de Sancto Daniele, presentibus dicto Vidono sartore, Iohanne condam Marquardi et Iohanne condam Bilissii omnibus de Sancto Daniele et alliis. Antonius condam Billissii de Sancto Daniele precio et foro trium marcharum soldorum Veronensium parvulorum quod totum precium ipse fuit contentus et confessus habuisse et integre recepisse a Federico condam Bilissii eius fratre, renuncians exceptioni sibi non dati et cetera per se et cetera iure feudi mangani Aquilegensis eccllesie dedit, vendidit et tradidit dicto Federico stipulanti et ementi et recipienti pro se et cetera unam medietatem terre aratorie scitam in confinibus Sancti Danielis iuxta dictum emptorem, iuxta Çunutum Candanum, iuxta vias publicas vel si qui et cetera cum omnibus que continentur in dictos confines et cum omnibus suis vitibusm arboribus, silvis et cetera et cum omnibus suis iuribus et pertinenciis et cetera ad habendum, tenendum et cetera, solvendo tamen anuatim iure dicti feudi Pilirino condam Odorici Aulineti de Sancto Daniele in festo sancti Georgii unum denarium Aquilegensem et nil aliud, constituens se et cetera, promittens dictus venditor per se et cetera et cum obligatione omnium suorum bonorum et cetera eidem emptori stipulanti pro se et cetera dictam venditionem et omnia suprascripta perpetuo firma habere et ullo tempore litem non movere nec moventi conscentire, sed in iure legiptime defendere et manutenere dictam medietatem ab omni homine et persona et non contrafacere et cetera sub pena dupli et cetera, qua soluta vel non presens instrumentum et omnia suprascripta firma perdurent."
170,64,48,"Codice 38","198","198",1388,"Ottobre",30,11,"01/00/00 00:00:00",0,"Originale","BGSD","Fontanini",0,,,"Debitum ser Guarnerii.

[Sub dict]is  millesimo et indicione, die XXX octubris, in Sancto Daniele penes domum habitationis Vidoni sartoris condam Iacobi de Sancto Daniele, presentibus dicto Vidono et Iohanne condam Marquardi de Sancto Daniele et alliis. Iohannes condam Odorici de Morssano per se et cetera et cum obligatione omnium suorum bonorum et cetera promisit et stetit dare et solvere presbitero Christoforo condam Ticiani habitanti in Sancto Daniele stipulanti vice et nomine ser Guarnerii condam ser Tomasuti de Sancto Daniele undecim ducatos boni auri et iusti ponderis hinc ad proximum futurum festum sancti Michaelis pro una equa rubea habita et empta a dicto presbitero Christoforo prout ibidem contentus et confessus fuit, renuncians exceptioni et cetera, promittens dictus debitor eidem creditori solvere et satisfacere sibi in totum et rendere sibi in omni loco et cetera, pro quibus atendendis dictus debitor obligavit et designavit eidem creditori dctam equam et omnia alia sua bona et cetera, vocans se fore convictum et cetera."
171,64,48,"Codice 38","199","199",1388,"Ottobre",30,11,"01/00/00 00:00:00",0,"Originale","BGSD","Fontanini",0,,,"Debitum ser Guarnerii.

Sub dictis millesimo, indicione, die, loco et testibus. Petrus filius Birtini de Morsano per se et cetera et cum obligatione omnium suorum bonorum et cetera promisit et stetit dare et solvere presbitero Christoforo condam Ticiani habitanti in Sancto Daniele stipulanti vice et nomine ser Guarnerii condam ser Tomasuti de Sancto Daniele quinque ducatos boni auri et iusti ponderis hinc ad proximum futurum festum sancti Michaelis pro uno equo iuvene habito et empto ab eo prout ibidem contentus fuit pili rubei, renuncians exceptioni et cetera, promittens dictus debitor solvere et satisfacere sibi in totum et respondere sibi in omni loco et cetera, pro quibus omnibus atendendis dictus debitor obligavit et designavit eidem creditori dictum equum et omnia alia sua bona et cetera, vocans se fore convictum et cetera."
172,111,17,"Codice 38","200","200",1388,"Novembre",1,11,"01/00/00 00:00:00",0,"Originale","BGSD","Fontanini",0,,,"Debitum   Nicolay.  

[Sub]  dictis millesimo et indicione, die prima novembris, in Sancto Daniele penes domum habitationis Odorici condam Cumucii habitantis Sancti Danielis, presentibus dicto Odorico et Orlando condam Morassini de Sancto Daniele et Pe[...]  condam Miculissii de Sancto Daniele et alliis. Iacobus Primiatus principalis debitor et Iohannes de Lariva habitans in Sancto Daniele fideiussor in solidum per se et cetera et cum obligatione omnium suorum bonorum et cetera promiserunt et steterunt dare et solvere Nicolao condam Iohannis Frassini de Glemona quinque ducatos cum dimidio boni auri et iusti ponderis hinc ad proximum futurum festum Nativitatis Domini pro resto precii unius eque pilli rubei habite et empte per idem Iacobum a dicto Nicolao prout ibidem contentus fuit, renuncians et cetera, promittentes solvere et satisfacere sibi in totum et rendere sibi in omni loco et cetera, vocantes se fore convictos et cetera."
173,111,70,"Codice 38","200","200",1388,"Novembre",1,11,"01/00/00 00:00:00",0,"Originale","BGSD","Fontanini",0,,,"Relevatio dicti Iohannis.

Sub dictis millesimo, indicione, die, loco et testibus. Suprascriptus Iacobus Primiatus per se et cetera et cum obligatione omnium suorum bonorum et cetera promisit relevare dictum Iacobum de Lariva indempnem penitus sine dampnis a suprascripta fideiussione obligatione facta per dictum Iohannem precibus dicti Iacobi prout ibidem facebat, obligans ad hec specialiter dictam equam et omnia sua animalia et bona et cetera."
174,69,32,"Codice 38","201","201",1388,"Novembre",1,11,"01/00/00 00:00:00",0,"Originale","BGSD","Fontanini",0,,,"Procuratorium Iacobi, Francisci et Antonii.  

Sub millesimo IIIc LXXXVIII, undecima indicione, die prima novembris, super foro Sancti Danielis, presentibus Odorico condam Nicolay de Sancto Daniele et Alberto condam ser Artici et alliis. Iacobus filius Valentini, Franciscus condam Mathiussii et Antonius condam Antonii omnes de Trichano inferiori omnibus modo et cetera fecerunt, constituerunt et ordinaverunt nobillem ser Glemonum condam ser Fante de Sancto Daniele ibidem rpesentem et cetera suum verum et certum procuratorem et cetera specialiter in omnibus eorum litibus quas habent cum Iohanne V<v>olpato de Gavonis et generaliter cum quibuscumque et cetera occasionibus quibuscumque et cetera coram quibuscumque dominiis et cetera ad agendum et cetera, promittentes habere ratum et cetera."
175,112,48,"Codice 38","203","203",1388,"Novembre",1,11,"01/00/00 00:00:00",0,"Originale","BGSD","Fontanini",0,,,"Debitum Danielis.  

[Sub]  dictis millesimo, indicione et die, sub portucubus domus habitationis Iohannis Petri Canis, presentibus Valento condam Odori[ci] Margaris, Petro condam Nicolay de Agaro et Bartolomeo filio Nigri Martinucii de Sancto Daniele et alliis. Culuscius condam Iohannis Micole de Sancto Daniele per se et ceetra et cum obligatione omnium suorum bonorum et cetera promisit et stetit dare et solvere Daniele condam Petri de Rodeglano habitanti in Sancto Daniele stipulanti pro se et cetera decem et novem libras soldorum Veronensium parvulorum et soldos quatuor hinc ad proximum futurum festum sancti Iacobi pro quatuor stariis boni frumenti habiti et empti a dicto Daniele prout ibidem contentus et confessus fuit, renuncians et cetera, pro quibus atendendis dictus debitor obligavit et specialiter pro pignore mobilli desginavit unam suam canipam scitam in Sancto Daniele iuxta Iohanutum Cicuti, iuxta Odoricum Minussini et iuxta viam publicam cum omnibus suis iuribus et cetera, ita tamen quod liceat eam vendi facere ad incantum non obstantibus aliquibus gueris et cetera, vocans se fore convictum et cetera."
176,69,71,"Codice 38","204","204",1388,"Novembre",1,11,"01/00/00 00:00:00",0,"Originale","BGSD","Fontanini",0,,,"Investitio Dominici unius fondi.

Sub dictis millesimo, indicione et die, super foro Sancto Danielis, presentibus Iacobo er Lupi, Dominico Petri de Sancto Daniele et Roperto condam Nicolay de Trichano et alliis. Cum Dominicus Alexii Sandri de Sancto Daniele emisset ab Antonio Fuyacini certa bona feudi litterarum domini patriarche prout continetur quodam instrumento scripto manu mei Georgii notarii, nunc vero coram dictis testibus dominus Çulianus condam ser Tocii gastaldio Sancti Danielis pro domino patriarcha libere pro fimbria investivit dicta bona eidem Dominico cum voluntate eius sociorum ibidem presencium ad feudum prout moris est et cetera."
177,37,48,"Codice 38","205","205",1388,"Novembre",2,11,"01/00/00 00:00:00",0,"Originale","BGSD","Fontanini",0,,,"Debitum Petri condam Nicolay.  

[Sub]  dictis millesimo et indicione, die secunda novembris, in Sancto Daniele penes macelum, presentibus presbitero Fradocio condam Çassii, Tamburlinuto et Daniele condam Patrisnostri omnibus de Sancto Daniele et alliis. Culuscius condam Petenati de Sancto Daniele per se et cetera promisit et stetit dare et reddere Petro condam Nicolay de Sancto Daniele stipulanti pro se et cetera sex libras soldorum Veronensium parvulorum hinc ad proximum futurum festum nativitatis Domini nomine puri mutui in se habiti et cetera, renuncians et cetera, pro quibus atendendis dictus debitor eidem creditori obligavit et designavit pro pignore mobilli unam suam canipam scitam in Sancto Daniele iuxta Pilirinum Gurelli, iuxta Doricum Liani de Carpaco, iuxta andronam et iuxta viam publicam, ita tamen quod liceat eam vendi facere ad incantum non obstantibus aliquibus guerris, statutis et cetera, vocans se fore convictum et cetera."
178,113,49,"Codice 38","206","206",1388,"Novembre",2,11,"01/00/00 00:00:00",0,"Originale","BGSD","Fontanini",0,,,"Emptio   Agnetis.
Publicata.

Sub dictis millesimo, indicione et die, in castro Sancti Danielis in domo nobillis ser Guarnerii condam ser Tomasuti de Sancto Daniele, presentibus dicto ser Guarnerio, presbitero Christoforo condam Ticiani de Cenita habitante in Sancto Daniele, Henrico condam Comelli de Farla et alliis. Nobillis ser Bertulus condam domni Çanuti de Sancto Daniele precio et foro quinquaginta librarum denriorum Aquilegensis monete quod totum precium ipse fuit contentus et confessus habuisse et integre recepisse a domina Agnete condam Comelli de Farla habitante in Maian, renuncians exceptioni et cetera per se et cetera iure livelli perpetualis dedit, vendidit et tradidit antedicte domine Agneti stipulanti ementi et recipienti pro se et cetera unam eius canipam paleis copertam scitam in Sancto Daniele cuius hii sunt confines ab una parte iuxta dictum venditorem, iuxta fossatum comune, iuxta Franciscum de Carpaco et iuxta Brunussium de Maiano vel si qui et cetera et iuxta viam publicam cum omnibus et singulis que dicta canipa habet supra se intra se infra se a celo usqeu ad abissum et cum omnibus suis iuribus et cetera ad habendum, tenendum et cetera, solvendo tamen anuatim iure livelli perpetualis domino Galvano et ser Bertulo fratribus et olim domini Hectoris de Sancto Daniele in circumcisione Domini denarios Aquilegenses undecim et nil aliud et si dicta canipa plus valeret dicto precio totum id plus nomine donationis et cetera, constituens se et cetera, promittens dictus venditor per se et cetera et cum obligatione omnium suorum bonorum et cetera dictam venditionem et omnia suprascripta perpetuo firma et rata habere et ullo tempore litem non movere nec moventi conscentire, sed in iure dictam canipam venditam ab omni homine legiptime defendere et manutenere ab omni homine et persona et non contrafacere et cetera sub pena dupli et cetera, qua soluta vel non presens instrumentum et omnia suprascripta firma perdurent et in nunciun tenute datus fuit Henricus testis prefatus et cetera."
179,113,48,"Codice 38","207","207",1388,"Novembre",2,11,"01/00/00 00:00:00",0,"Originale","BGSD","Fontanini",0,,,"Debitum ser Bertuli.  

[Sub]  dictis millesimo, indicione, die, loco et testibus. Domina Agnes condam Comeli de Farla per se et cetera et cum obligatione omnium suorum bonorum et cetera promisit et stetit dare et solvere ser Bertulo condam ser   Çunuti de Sancto Daniele stipulanti pro se et cetera traginta octo libras soldorum Veronensium parvulorum hinc ad proximum futurum festum nativitatis Domini nomine puri mutui in se habiti, renuncians et ceetra, promittens dicta debitrix eidem creditori solvere et satisfacere sibi in totum et rendere sibi in omni loco et cetera, pro quibus atendendis et observandis dicta debitrix obligavit et specialiter pro pignore mobilli designavit eidem creditori unam suam canipam scitam in Sancto Daniele iuxta Franciscum de Carpaco, iuxta viam publicam vel si qui et cetera, itam tamen quod liceat et cetera, vocans se fore convictum et cetera."
180,34,17,"Codice 38","208","208",1388,"Novembre",3,11,"01/00/00 00:00:00",0,"Originale","BGSD","Fontanini",0,,,"Debitum ser Guarnerii.

Sub dictis millesimo et indicione, die tercia novembris, sub lobia comunis Sancti Danielis, presentibus Leonardo condam Cometti, Mulitino condam Mulli, Iacobo Dominici omnibus de Sancto Daniele et alliis. Iacobus condam Çuglani de Morteglano per se et ceetra et cum obligatione omnium suorum bonorum et cetera promisit et stetit dare et solvere presbitero Christoforo condam Ticiani habitanti in Sancto Daniele stipulanti vice et nomine ser Guarnerii condam ser Tomasuti de Sancto Daniele quatuor ducatos boni auri et iusti ponderis et soldos decem hinc ad proximum futurum festum sancti Michaelis pro una vaca pili bruni habita et empta ab eo prout ibidem contentus fuit, renuncians et cetera, promittens dictus debitor eidem creditori solvere et satisfacere sibi in totum et rendere sibi in omni loco et cetera et obligavit sibi specialiter dictam vacam et omnia alia sua bona et cetera."
181,41,72,"Codice 38","210","210",1388,"Novembre",3,11,"01/00/00 00:00:00",0,"Originale","BGSD","Fontanini",0,,,"Testificatio Meynardi.

[Sub]  dictis M°, indicione et die, in domo habitationis Vidoni sartoris condam Iacobi de Sancto Daniele  , presentibus Odorico Rusito, Federico conda Bilissi et Antonio Pilussii et alliis. Stefanus condam Çuliani Marçoni tamquam testis productus per Meynardum condam Purgulini de Sancto Daniele super quadam lite vertente ipsum ex una parte et Linutum suum fratrem ex altera, dixit et testitifatus fuit cum debito sacramento et cetera quod fuit presens quod condam Purgulinus in fine sua legavit omnia sua bona uxori dicti Meynardi et filiis eius, videlicet dicti Meynardi et non aliis."
182,34,35,"Codice 38","211","211",1388,"Novembre",4,11,"01/00/00 00:00:00",0,"Originale","BGSD","Fontanini",0,,,"Sententia Linuti

Sub dictis M° et indicione, die IIIIor novembris, sub lobia comunis Sancti Danielis, coram ser Çuliano gastaldioni Sancti Danielis et iuratis suis, presentibus Alberto condam ser Artici, Russito et Gallo Milucii et alliis pluribus. Sententiatum extitit ibidem in iudicio per dictos iuratos quod omnia bona mobillia et inmobillia que fuerant in potestate condam Purgulini tempore sue mortis debeant esse et dividi paribus porcionibus inter Tomasinum, Nuttum, Meynardum et Linutum condam dicti Purgulini."
183,114,48,"Codice 38","211","211",1388,"Novembre",6,11,"01/00/00 00:00:00",0,,"BGSD","Fontanini",0,,,"Debitum Armani.  

[Sub]  dictis millesimo et indicione, die VI novembris, in Sancto Daniele penes domum habitationis infrascripti creditoris, presentibus Petro condam odorici Pasqualis et Augustino precone condam Marchi de Sancto Daniele et alliis. Paulus condam Misini de Gavonis habitans in Sancto Daniele per se et cetera promisit et stetit dare et reddere Armano sartori theotonico habitanti in Sancto Daniele stipulanti pro se et cetera duas marchas soldorum Veronensium parvulorum hinc ad proximum futurum festum pentachosten nomine puri mutui et veri capitalis in se habiti et recepti prout ibidem cotnentus fuit, renuncians exceptioni et cetera, promittens reddere et satisfacere sibi in totum et rendere sibi in omni loco et cetera, pro quibus omnibus atendendis dictus debitor obligavit et specialiter pro pignore mobilli designavit eidem creditori unam suam canipam scitam in Sancto Daniele iuxta Petrum Filipussii, iuxta hredes condam Simonis Pilinesse et iuxta vias publicas cum omnibus suis iuribus et cetera, ita tamen quod liceat eam vendi facere ad incantum et cetera non obstantibus aliquibus gueris et cetera, constituens se manutentorem et suplitorem et cetera, vocans se fore convictum et cetera."
184,116,32,"Codice 38","212","212",1388,"Novembre",6,11,"01/00/00 00:00:00",0,"Originale","BGSD","Fontanini",0,,,"Procuratorium Clare.

Sub dictis millesimo, indicione et die, in Sancto Daniele in curia habitationis infrascripte constituentis, presentibus Leonardo condam Cometti et Leonardo Rupritine de Sancto Daniele et alliis. Clara condam Franciscuti de Sancto Daniele omnibus modo et cetera fecit, constituit et ordinavit providum Iohanutum filium Cicuti de Sancto Toma habitantem in Sancto Daniele suum verum et certum procuratorem et cetera specialiter in omnibus suis litibus quas habet vel habitura est cum Odorico Russito de Sancto Daniele occasionibus quibuscumque et cum quibuscumque aliis et cetera coram quibuscumque dominiis et cetera ad agendum et cetera et generaliter et cetera, promittens et iurans habere ratum et cetera."
185,69,32,"Codice 38","213","213",1388,"Novembre",6,11,"01/00/00 00:00:00",0,"Originale","BGSD","Fontanini",0,,,"Procuratorium Paseris camerarii fraternitatis Sancte Marie.

Sub dictis millesimo, indicione et die, super foro Sancti Danielis, presentibus ser Flecho condam ser Anceloti et Alberto condam ser Artici habitante in Sancto Daniele et alliis. Venerius dictus Paser tamquam camerarius fraternitatis Sancte Marie omnibus modo et cetera per se et eius successores fecit, constituit et ordinavit Petrum condam Michaelis Çachay de Sancto Daniele ibidem presentem et cetera suum verum et certum nuncium et procuratorem et cetera specialiter in omnibus suis litibus quas habet vel habiturus est cum Paulo de Truoy de Carnea occasionibus quibuscumque et cetera coram et cetera ad agendum et cetera, promittens habere ratum et cetera."
186,69,17,"Codice 38","214","214",1388,"Novembre",6,11,"01/00/00 00:00:00",0,"Originale","BGSD","Fontanini",0,,,"Debitum Andree Pitiani.  

Sub dictis millesimo et indicione, die et loco, presentibus Petro condam Mic[...]  et Leonardo Rupritini de Sancto Daniele et alliis. Miculus textor condam Martini de Clauçeto habitans in Sancto Daniele per se et cetera et cum obligatione omnium suorum bonorum et cetera promisit et stetit dare et solvere provido Andree condam Pitiani de Sancto Daniele stipulanti et recipienti pro se et cetera quindecim marchas soldorum Veronensium parvulorum et soldos centum et tragintasex pro septem tellis panni ovium empti habiti et recepti a dicto Andrea prout ibidem contentus fuit et cetera hinc ad proximum futurum festum carnisprivii, renuncians exceptioni et cetera, promittens dictus debitor eidem creditori solvere et satisfacere sibi in totum et rendere sibi in omni loco et cetera et non probare finem et cetera, vocans se fore convictum et cetera."
187,64,48,"Codice 38","215","215",1388,"Novembre",6,11,"01/00/00 00:00:00",0,"Originale","BGSD","Fontanini",0,,,"Debitum presbiteri Iohannis plebani Versie.

Sub dictis millesimo, indicione et die, in Sancto Daniele penes domum habitationis Vidoni sartoris condam Iacobi de Sancto Daniele, presentibus Petro condam Philipussii de Rodeglano, Michaele filio Dominici Viecigli de Masergis habitante in Sancto Daniele et Iacobo filio infrascripte Uliane de Sancto Daniele et alliis. Reverendus presbiter Daniel codnam Çunuti de Lamora de Sancto Daniele et Uliana uxor Danielis Camanini ibidem presentis volentis et cetera per se et cetera et cum obligatione omnium suorum bonorum et cetera in solidum promiserunt et steterunt dare et solvere et rendere presbitero Iohanni plebano Versie stipulanti et recipienti pro se et cetera sex ducatos boni auri et iusti ponderis hinc ad proximum futurum festum carnisprivii nomine puri mutui in se habiti prout ibidem contenti extiterunt, renunciantes et cetera, promittentes solvere et satisfacere sibi in totum et rendere sibi ubique et cetera, pro quibus omnibus atendendis dicti debitores obligaverunt et specialiter pro pignore mobilli desginaverunt eidem creditori duas eorum domos cum curia post posita scitas in Sancto Daniele rectas per dictam Ulianam unam et alteram per Armanum sartorem iuxta heredes condam Dotti, iuxta Tomadum fabrum et iuxta viam publicam vel si qui et cetera, ita tamen quod liceat eas vendi facere ad incantum et cetera, vocantes se fore convictos et cetera."
188,69,48,"Codice 38","216","216",1388,"Novembre",10,11,"01/00/00 00:00:00",0,"Originale","BGSD","Fontanini",0,,,"Debitum   ser Guarnerii.

Sub dictis millesimo et indicione, die X novembris, super foro Sancti Danielis, presentibus Antonio condam Fuyacini, Dominico condam Nicolay de Ripis et Dominico Ceschi de Vilanova omnibus habitantibus in Sancto Daniele et alliis. Bruneta olim relicta Odorici Piçuli de Turida per se et cetera promisit et stetit dare et solvere presbitero Christoforo condam Ticiani habitanti in Sancto Daniele stipulanti vice et nomine ser Guarnerii condam ser Tomasuti de Sancto Daniele tres ducatos boni auri et iusti ponderis hinc ad proximum futurum festum sancti Michaelis pro una vaca rubea habita et empta a dicto ser Guarnerio prout ibidem contenta et confessa fuit, renuncians exceptioni sibi non dati et cetera, promittens solvere et satisfacere sibi in totum et rendere sibi in omni loco et cetera, pro quibus omnibus attendendis dicta Bruneta obligavit et specialiter designavit dictam vacam et omnia alia sua bona, vocans se fore convictam et cetera."
189,69,48,"Codice 38","217","217",1388,"Novembre",10,11,"01/00/00 00:00:00",0,"Originale","BGSD","Fontanini",0,,,"Debitum ser Guarnerii.

[Sub]  dictis millesimo, indicione, die, loco et testibus. Andreas condam Marchi de Bellvede per ser et cetera et cum obligatione omnium suorum bonorum et cetera promisit et stetit dare et solvere presbitero Christoforo condam Ticiani habitanti in Sancto Daniele stipulanti et recipienti vice et nomine ser Guarnerii condam ser Tomasuti de Sancto Daniele octo ducatos boni auri et iusti ponderis et soldos viginti hinc af proximum futurum festum sancti Mic[h]aelis pro duabus vachis pili çimuli habitis et emptis prout ibidem contetus et confessus fuit, renuncians exceptioni et cetera, promittens solvere et satisfacere sibi in totum et rendere sibi in omni loco et cetera, pro quibus omnibus atendends et firmiter observandis dictus debitor obligavit et specialiter designavit dictas vacas et omnia alia sua bona presencia et futura et cetera, vocans se fore convictum et cetera."
190,33,54,"Codice 38","218","218",1388,"Novembre",10,11,"01/00/00 00:00:00",0,"Originale","BGSD","Fontanini",0,,,"Prolatio Francisci aurificis.

Proferatur per Augustinum preconem comunis Sancti Danielis ad peticionem Francisci aurificis habitantis in Sancto Daniele Nicolao Iohannis Bertoloti de Vilanova una eius canipa scita in Sancto Daniele iuxta Mathiam Iohannis Bertoloti, iuxta Meniam Cesaris et iuxta vias publicas pro certa quantitate salis habita et in se recepta a dicto Francisco in iudicio coram dominio Sancti Danielis laudo et sententia mediantibus convicta, ad videndum vendi et cetera die sabati proxima futura hora debita et cetera datum Sancti Danielis de Xa novembris."
191,117,57,"Codice 38","219","219",1388,"Novembre",10,11,"01/00/00 00:00:00",0,"Originale","BGSD","Fontanini",0,,,"Debitum presbiteri Iohannis plebani Sancti Danielis.  

[Sub]  dictis millesimo, indicione et die, in Sancto Daniele in canipa domus habitationis infrascripti creditoris, presentibus reverendis presbitero Iohanne plebano Versie, presbitero Christoforo condam Ticiani habitante in Sancto Daniele et Cumucio condam Uliani et Leonardo condam Cometti de Sancto Daniele et alliis. Tosus condam Odorici de Vidulis habitans in Sancto Daniele per se et cetera et cum obligatione omnium suorum bonorum presencium et futurorum et cetera promisit et stetit dare et solvere reverendo presbtero Iohanni plebano Sancti Danielis stipulanti et recipienti pro se et cetera viginti marchas soldorum Veronensium parvulorum, videlicet medietatem dicti debiti hinc ad proximum futurum festum nativitatis Domini et residium hinc ad proximum futurum festum resurectionis Domini nostri et hoc pro quadraginta uno stario bone silliginis habita et recepta et empta ab eo prout ibidem cotnentus fuit, renuncians exceptioni et cetera, promittens dictus debitor solvere et satisfacere sibi in totum et respondere eidem in omni loco et cetera et non probare finem et etera, sub pena dupli et cetera, vocans se fore convictum et cetera, pro quibus omnibus attendendis et precibus et instancia dicti debitoris et pro eo fideiussor dicti debiti ibidem extitit in iure Leonardus testis prefatus."
192,34,35,"Codice 38","220","220",1388,"Novembre",14,11,"01/00/00 00:00:00",0,"Originale","BGSD","Fontanini",0,,,"Sententia Francisci aurificis.

Sub dictis millesimo et indicione, die XIIIIor novembris, sub lobia comunis [Sancti]  Danielis, presentibus Petro condam Nicolay, Alberto condam ser Artici et Culao filio Galli omnibus de Sancto Daniele et alliis. Coram nobilli ser Çuliano gastaldioni Sancti Danielis una<a> cum Bernardo et Iacobo Dominici iuratis suis in iudicio sedente et cetera conparuit Franciscus aurifex habitans in Sancto Daniele et proponens quo Augustinus preco comunis Sancti Danielis protulerat cum cedula Culao Iohannis Bertoloti de Vilanova unam canipam suam in Sancto Daniele ad videndum vendi et cetera et hoc pro quadam convictione viginti duarum librarum cum dimidia soldorum laudo et sententia facta prout ibidem relatione dicti preconis et iuratorum antedictorum legiptime fidem fecit, petiit et rogavit dictum gastaldionem ut peteret per sententiam diffiniri si dicta canipa poterat vendi iuxta tenorem cedule date domui dicti Nicolay Cometi, quibus sic premissis, dicti iurati habito prius conscilio et cetera, sententiaverunt quod sic et dicta canipa possit vendi ut supra."
193,118,48,"Codice 38","221","221",1388,"Novembre",17,11,"01/00/00 00:00:00",0,"Originale","BGSD","Fontanini",0,,,"Debitum Ior.

[Sub]  dictis millesimo et indicione, die XVII novembris, in Sancto Daniele penes cimiterium eccllesie Sancti Michaelis, presentibus Petro Pitassio condam Culoscii et Andrea [...]  condam Morassini de Sancto Daniele et Macharoto condam Buotri habitante in Sancto Daniele et Daniele condam Francisci de Gleris et alliis. Iohannes condam Pidrussii de Gleris per se et cetera promisit et stetit dare et solvere Ioro pelipario condam Odorici de Sancto Daniele stipulanti pro se et cetera traginta septem libras soldorum Veronensium parvulorum et soldos sex hinc ad proximum futurum festum carnisprivii pro certa quantitate panni ovium habiti et empti ab eo prout ibidem contentus fuit, renuncians exceptioni et cetera, promittens dictus debitor eidem creditori solvere et satisfacere sibi in totum et rendere eidem in omni loco et non probare finem et cetera, pro quibus omnibus attendendis dictus debitor obligavit et specialiter pro pignore mobilli designavit eidem creditori unam suam domum tegulis copertam scitam in Sancto Vito iure livelli perpetualis cuius hii sunt confines iuxta Culaum Baldusini, iuxta Laurençatum de Rosa, iuxta Culuscium ser Çunuti et iuxta viam publicam vel si qui et cetera, ita tamen quod liceat eam vendi facere ad incantum et cetera, constituens se manutentorem et suplitorem et cetera, vocans se fore convictum et cetera."
194,57,17,"Codice 38","222","222",1388,"Novembre",18,11,"01/00/00 00:00:00",0,"Originale","BGSD","Fontanini",0,,,"Debitum presbiteri Iohannis plebani Versie.    

Anno Domnini millesimo IIIc LXXXVIII, XIa indicione, die XVIII novembris, in Sancto Daniele in curia domus habitationis infrascripti presbiteri Iohannis, presentibus magistro Iohanne sartore condam Marquardi et Andrea condam Morassini de Sancto Daniele et alliis. Minicus condam Iohannis de Gavonis per se et cetera et cum obligatione omnium suorum bonorum presencium et futurorum et cetera promisit et stetit dare et reddere reverendo presbitero Iohanni plebano Versie habitanti in Sancto Daniele stipulanti et recipienti pro se et cetera quatuor ducatos boni auri et iusti ponderis hinc ad proximum futurum festum sancti Iacobi nomine puri mutui et veri capitalis in se habiti et cetera prout ibidem contentus fuit, renuncians exceptioni et cetera, promittens dictus debitor eidem creditori solvere et satisfacere sibi in totum et respondere sibi in omni loco et cetera et non probare finem et cetera sub pena dupli et cetera, vocans se fore convictum et cetera."
195,34,74,"Codice 38","223","223",1388,"Novembre",21,11,"01/00/00 00:00:00",0,"Originale","BGSD","Fontanini",0,,,"Conpromissum inter Meynardum, Linutum, Nuttum et Gnisutam.

Sub dictis millesimo et indicione, die XXI novembris, sub lobia comunis Sancti Danielis, presenitbus providis Articho condam Ançuti, Petro condam Nicolay et Bernardo Miculi Pelosi et alliis omnibus de Sancto Daniele. Ibique Meynardus condam Purgulini de Sancto Daniele et Gnisuta eius uxor ex una parte et Linutus et Muttus fratres et condam dicti Purgulini ex altera de omnibus eorum litibus et questionibus inter dictas partes vertentibus tam paterna hereditate quam alia quacumque de causa se libere conpromiserunt in providos Leonardum condam Cometti, Iacobum Dominici, Iorum peliparium et Simonem fabrum condam Meynardi omnes de Sancto Daniele tamquam in arbitros et cetera, dantes et concedentes dicte partes eisdem arbitratoribus plenam licenciam arbitrandi et sententiandi inter dictas partes, alte et basse, amicabiliter et de iure, presentibus vel non, tamen citatis et cetera, usque ad proximum futurum festum circhumcisionis Domini, promittentes dicte partes per se et cetera omnes sententias per dictos arbitros ferendas habere ratas et eas inviolabiliter observare sub pena viginti quinque librarum soldorum Veronensium parvulorum, que pena medietas cedat dominio Sancti Danielis et alia medietas parti observanti, qua soluta vel non et cetera et sic iurati fuerunt corporaliter et cetera, sic atendere et observare et non contrafacere et cetera."
196,54,48,"Codice 38","224","224",1388,"Novembre",22,11,"01/00/00 00:00:00",0,"Originale","BGSD","Fontanini",0,,,"Debitum ser Flechi.  

Sub dictis millesimo et indicione, die XXII novembris, in Sancto Daniele penes domum Mussesse, presentibus ser Francisco condam ser Simonis, Iohanne condam Marquardi et Antonio condam Ticiani habitante in Sancto Daniele et alliis. Antonius condam Çassii de Sancto Daniele per se et cetera promisit et stetit dare et reddere ser Flecho condam ser Anceloti de Buya habitanti in Sancto Daniele recipienti pro e et cetera decem marchas soldorum Veronensium parvulorum hinc ad procimum futurum festum resurectionis Domini nostri et hoc nomine mutui in se habiti et cetera, renuncians exceptioni et cetera, promittens dictus debitor eidem creditori solvere et cetera et rendere sibi ubique et cetera et non probare finem et cetera, pro quibus omnibus attendendis et firmiter observandis dictus debitor obligavit et specialiter pro pignore mobilli designavit eidem creditori unam domum suam cum curtivo et baiarcio penes scitam extra portam Fontanele, quam habitat dictus debitor cum omnibus suis iuribus et cetera, ita tamen quod liceat eam vendi facere ad incantum et cetera non obstantibus aliquibus gueris, statutis et cetera, constituens se menutentorem et suplitorem et cetera, vocans se fore convictum et cetera."
197,119,32,"Codice 38","225","225",1388,"Novembre",22,11,"01/00/00 00:00:00",0,"Originale","BGSD","Fontanini",0,,,"Procuratorium Uliane.

Sub dictis millesimo, indicione et die, in Sancto Daniele penes domum Tibaldi hospitis, presentibus Butto condam Raçoni et Miculo de Vilanova et alliis. Uliana uxor Manfredi de Mayano omnibus modo, via et cetera cum voluntate et conscensu dicti Manfredi ibidem presentis et cetera fecit, constitui et ordinavit Salvinum condam Odorici de Sancto Daniele suum fratrem ibidem presentem et cetera suum verum et certum nuncium et procuratorem legiptimum et cetera specialiter in omnibus suis litibus quas habet vel habitura est cum filiis et heredibus condam Purgulini de Sancto Daniele et cum quibuscumque aliis et cetera coram quocumque dominio et cetera ad agendum et cetera et generaliter ad omnia alia et cetera, promittens et iurans habere ratum et cetera."
198,120,17,"Codice 38","226","226",1388,"Novembre",24,11,"01/00/00 00:00:00",0,"Originale","BGSD","Fontanini",0,,,"Debitum Petri Turbe.

Sub dictis millesimo et indicione, die XXIIIIor novembris, in Sancto Daniele penes canipam Danielis condam Linusii de Sancto Daniele, presentibus Chizao condam Meynardi, presbitero Fradocio et Antonio fratribus et olim Çassii, Dominico filio Iori omnibus de Sancto Daniele et alliis. Candussius olim Michiluti de Casarssa per se et cetera et cum obligatione omnium suorum bonorum et cetera promisit et stetit dare et solvere provido Petro condam Nicolay Marchoni de Sancto Daniele stipulanti et recipienti pro se et cetera quadraginta tres libras soldorum Veronensium parvulorum hinc ad proximum futurum festum sancti Michaelis pro certa quantitate boni frumenti et bone silliginis in se habita empta et recepta a dicto Petro prout ibidem contentus fuit et manifestus dictus Candussius, renuncians exceptioni et cetera, promittens dictus debitor eidem creditori solvere et satisfacere sibi in totum et rendere sibi in omni loco et cetera et non probare finem et cetera sub pena dupli et cetera, vocans se fore convictum et cetera."
199,121,17,"Codice 38","227","227",1388,"Novembre",24,11,"01/00/00 00:00:00",0,"Originale","BGSD","Fontanini",0,,,"Debitum Andree.  

Sub dictis millesimo et indicione et die, in Sancto Daniele penes domum habitationis Petri Nicolay, presentibus Liano condam Bruni, Culao Galli et Odorico Rusitto omnibus de Sancto Daniele et alliis. Martinus condam Danielis Lupi de Sancto Daniele per se et cetera et cum obligatione omnium suorum bonorum et cetera promisit et stetit dare et solvere provido Andree condam Pitiani de Sancto Daniele stipulanti et recipienti pro se et cetera traginta libras soldorum Veronensium parvulorum hinc ad proximum futurum festum resurectionis domini nostri Iesu Christi pro viginti stuchis bovinis habitis emptis et receptis a dicto Andrea prout ibidem contentus confessus et manifestus fuit dictus Martinus, renuncians exceptioni et cetera, promittens dictus debitor eidem creditori solvere et satisfacere sibi in totum et respondere sibi in omni loco et cetera et non probare finem et cetera sub pena dupli et cetera, vocans se fore convictum et cetera."
200,121,34,"Codice 38","228","228",1388,"Novembre",24,11,"01/00/00 00:00:00",0,"Originale","BGSD","Fontanini",0,,,"Procuratorium mei Georgii et Leonardi Tamburlini.

Sub dictis millesimo, indicione et die et loco, presentibus Alberto condam ser Artici, Liano condam Bruni et Culao Galli omnibus de Sancto Daniele et alliis. Leonardus condam Dominici Tamburlini et ego Gerogius notarius omnibus modo et cetera fecimus, constituimus et ordinamus providos Laurencium Arpucii notarium et Niculoscium de Sancta Maria la Longa notarium habitantem in Utino et Antonium notarium de Sancto Daniele abscentes suos veros et certos nuncius et procuratores legiptimos specialiter in omnibus eorum nostris questionibus quas habemus cum Lipo de Tulmecio occasionibus et causis quibuscumque et cum quibuscumque et cetera ad agendum et cetera."
201,105,51,"Codice 38","229","229",1388,"Novembre",25,11,"01/00/00 00:00:00",0,"Originale","BGSD","Fontanini",0,,,"Locatio Pasculi.

Sub dictis millesimo et indicione, die XXV novembris, in Sancto Daniele in eccllesia Sancti Michaelis, presentibus presbitero Iohanne plebano Sancti Danielis , ser Çuliano condam ser Tocii, Andrea conda Pitiani, Alberto condam ser Artici et Federico condam Billissii et Simone fabro condam Meynardi omnibus de Sancto Daniele et alliis. Reverendus frater Iacobinus preceptor domus Sancti Iohannis de villa Sancti Tome per se et suos successores dedit, locavit et investivit Pasculo condam Marchi dal Lunch de Fressis stipulanti et recipienti pro se et cetera unam partem mansi dicte domus et mansios scitos in villa de Fresis de Carnea cuius hii sunt confines iuxta dictum Pasculum antedictum, iuxta viam publicam, iuxta Nicolaum condam Toni de Raveo habitantem in Fresis, iuxta heredes condam Iohannis Minoti de Fressis vel si qui et cetera, que pars mansi olim regebatur per Margirussam olim relictam condam Iacobi dicti Ragacii de Fresis cum omnibus et singulis que dicta pars mansi habet supra se intra se infra se et cetera et cum omnibus et singulis suis iuribus et cetera iure affictus simplicis ad habendum, tenendum et cetera, solvendo tamen anuatim dicte domui vel mansioni in nativitate Domini soldos Veronensium parvulorum decem, constituens se et cetera, promittens dictus locator per se et cetera eidem conductori stipulanti et recipienti pro se et etera dictam locationem et omnia suprascripta habere firma et cetera et non contrafacere et cetera sub pena supli et cetera.   Et hanc locationem dictus frater Iacobinus dixit ibidem fecisse vigore trium instrumentorum ibidem lectorum in quibus continebatur dictum Pasculum ius habere possidendi dictam partem mansi, que instrumenta dictus Pasculus ibidem produxit et Leonardus condam Stefani de Enemocio datus fuit nuncius tenute."
202,105,76,"Codice 38","230","230",1388,"Novembre",25,11,"01/00/00 00:00:00",0,"Originale","BGSD","Fontanini",0,,,"Protestatio facta per Mariam.
Publicata.

Sub dictis millesimo, indicione, die, loco et testibus. Maria condam Iacobi dicti Ragacii de Fresis coram dictis testibus protestavit et retulit dicto domino fratruo  Iacobino locationem et investitionem in precedenti instrumento contentam non valere nec esse debere in sui preiudicium, nec dampnum et quod ipsa habebat ius in dicta parte mansi tamquam heres Margirusse eius matris et condam dicti Iacobi et in presenti possidebat dictam partem mansi in hoc quia dictus Pasculus et ipsa peticione ipsius fratris Iacobini convocati erant ut videretur inter eos sua iura producentes quis eorum in iure antecedebat."
203,105,11,"Codice 38","231","231",1388,"Novembre",25,11,"01/00/00 00:00:00",0,"Originale","BGSD","Fontanini",0,,,"Locatio Mathie de Lungis.

Sub dictis millesimo, indicione, die, loco et testibus. Reverendus frater Iacobinus tamquam preceptor domus mansionis Sancti Iohannis de vila Sancti Tome per se et suos successores iure affictus simplicis dedit, locavit et investivit Mathie condam Futini fabri de Lungis de Carnea stipulanti et recipienti pro se et cetera unum mansum dicte mansionis scitum in vila de Longis in loco qui dicitur Clipion, qui mansus rebegatur per Leonardum sartorem de Longis, cum omnibus suis pratis, silvis, domibus, curtis, baiarcii, nemoribus et cum omnibus que sunt supra et intra et infra et cum omnibus suis iuribus et cetera ad habendum, tenendum et cetera, solvendo tamen anuatim in nativitate Domini dicte ma[n]sioni quindecim libras boni casei, constituens se et cetera, promittens dictus locator per se et cetera eidem conductori stipulanti pro se et cetera dictam locationem et omnia suprascripta habere firma et cetera et non contrafacere et cetera sub pena dupli et cetera et hec locatio  fecit dictus dominus frater Iacobinus precibus providi Çermani filii dicti Leonardi de Lungis ibidem presentis et abscentem dictam partem fieri ex parte dicti sui patris."
204,105,33,"Codice 38","232","232",1388,"Novembre",25,11,"01/00/00 00:00:00",0,"Originale","BGSD","Fontanini",0,,,"Procuratorium domini fratris Iacobini.

Sub dictis millesimo, indicione, die, loco et testibus. Dominus frater Iacobinus preceptor domus et mansionis Sancti Iohannis de vila Sancti Tome omnibus modo et cetera fecit, constituit et ordinavit providum Gussetum de Tulmecio suum verum et certum nuncium et procuratorem legiptimum generalem et cetera ad habendum et cetera, promittens habere ratum et cetera."
205,122,32,"Codice 38","233","233",1388,"Novembre",26,11,"01/00/00 00:00:00",0,"Originale","BGSD","Fontanini",0,,,"Procuratorium Salvi.

Sub dictis millesimo et indicione, die XXVI novembris, in Sancto Daniele penes domum habitationis Francisci aurificis condam ser Antonii de Valvesono habitantis Sancti Danielis, presentibus ser Bertulo condam ser Çunuti de Sancto Daniele, ser Antonio condam ser Mathie de Mels et dicto Francisco aurifice et alliis. Nobillis ser Salvus condam ser Nastasini de Ragonea omnibus modo et cetera fecit, constituit et ordinavit nobillem ser Candidum condam ser Ançi de Ragonea ibidem presentem et cetera suum verum et certum nuncium, actorem et legiptimum procuratorem specialiter in omnibus suis litibus quas habet vel habiturus est cum quibuscumque hominibus et personis quibuscumque nominibus censeantur et quibuscumque rationibus et causis et cetera coram reverendo domino Iohanne patriarcha Aquilegensi eiusque officialibus et cetera ad agendum, petendum et cetera et generaliter et cetera, promittens habere ratum et cetera."
206,35,48,"Codice 38","234","234",1388,"Novembre",28,11,"01/00/00 00:00:00",0,"Originale","BGSD","Fontanini",0,,,"Debitum Andree.  

Sub dictis millesimo et indicione, die XXVIII novembris  , in Sancto Daniele penes stacionem Francisci aurificis habitantis in Sancto Daniele, presentibus ser Flecho condam ser Anceloti, ser Francisco condam Ser Simonis et dicto Francisco aurifice omnibus habitantibus in Sancto Daniele et alliis. Bertuliscius condam Dominici Tosi de Casteglons per se et cetera et cum obligatione omnium suorum bonorum et cetera promisit et stetit dare et solvere provido Andree condam Pitiani de Sancto Daniele stipulanti pro se et cetera quindecim marchas denariorum Aquilegensium et denarios quadraginta hinc ad proximum futurum festum carnisprivii pro resto certorum porcorum habitorum et emptorum ab eo prout ibidem contentus fuit et cetera, renuncians et cetera, promittens dictus debitor eidem creditori solvere sibi in totum et rendere eidem in omni loco et cetera et non probare finem et cetera sub pena dupli et cetera, pro quibus atendendis dictus debitor obligavit et specialiter pro pignore mobilli designavit eidem creditori unum mansum scitum in Rividischa rectum per Leonardum Scogla pro quo solvitur anuatim frumenti staria tria, milei totidem et surgi totidem et vini urnas tres, galinam una[m], spatula[m] una[m] et denarios viginti, ita tamen quod liceat et cetera, vocans se fore convictum et cetera."
207,55,57,"Codice 38","235","235",1388,"Novembre",29,11,"01/00/00 00:00:00",0,"Originale","BGSD","Fontanini",0,,,"Debitum domine Agnetis.

Sub dictis millesimo et indicione, die XXVIIIIor novembris, in Sancto Daniele in domo habitationis reverendi domini presbiteri Iohannis plebani Sancti Danielis , presentibus ser Flecho condam ser Anceloti de Buya habitante in Sancto Daniele, ser Glemono condam ser Fante et presbitero Fradocio condam Çassii de Sancto Daniele et Francisco aurifice habitante in Sancto Daniele et alliis. Antonius condam Nicolay Pisani de Sancto Daniele et Margareta eius uxor sponte et libere et cetera per se et cetera et cum obligatione omnium suorum bonorum et cetera promisit et stetit dare reddere et solvere honeste domine Agneti condam ser Bartolomei et matri dicti Antonii habitanti in Sancto Daniele stipulanti et recipienti pro se et cetera traginta quinque marchas soldorum Veronensium parvulorum a proximo festo nativitatis domini nostri Iesu Christi ad quindecim annos proximos subsequentes et hoc nomine puri veri et nit<t>idi mutui et veris capitalis in se habiti et recepti a dicta domina Agnete prout ibidem contentus et confessus fuit dictus Antonius et dicta Margareta , renuncians exceptioni et cetera, promittentes dicti iugales reddere et satisfacere sibi in totum et rendere eidem in omni loco et cetera et non probare finem et cetera sub pena dupli et cetera, vocantes se fore convictos et cetera, pro quibus omnibus attendendis et observandis et precibus et instancia dictorum debitorum iugalium et pro eis ibidem fideiussor dicti debiti extitit suprascriptus dominus Iohannes plebanus Sancti Danielis, obligans ad hec omnia sua bona presencia et futura mobillia et inmobillia et de suprascripta fideiussione ut supra facta dicti iugalles promiserunt conservare dictum fideiussorem indempnem et penitus sine dampnis cum obligatione omnium suorum bonorum presencium et futurorum."
208,37,17,"Codice 38","236","236",1388,"Dicembre",1,11,"01/00/00 00:00:00",0,"Originale","BGSD","Fontanini",0,,,"Debitum Andree.  

Sub dictis millesimo et indicione, die prima decembris, in Sancto Daniele penes macelum, presentibus Articho condam Ançuti, Petro olim Nicolay et Orlando condam Mosarrini omnibus de Sancto Daniele et alliis. Culaus filius Galli de Sancto Daniele per se et cetera et cum obligatione omnium suorum bonorum et cetera ac refectione dampnorum omnium et expensarum et cetera promisit et stetit dare et solvere provido Andree condam Pitiani de Sancto Daniele stipulanti et recipienti pro se et cetera traginta novem libras soldorum Veronensium parvulorum, videlicet medietatem dicti debiti hinc ad proximum futurum festum resurectionis domini nostri Iesu Christi et residium hinc ad proximum futurum festum pentachosten pro stuchis seu choraminibus seu soris bovinis habitis et emptis a dicto Andrea prout ibidem contentus et confessus fuit, renuncians exceptioni sibi non dati et cetera, promittens dictus debitor eidem creditori solvere et satisfacere sibi in totum et rendere eidem in omni loco et cetera, vocans se fore convictum et cetera."
209,124,77,"Codice 38","237","237",1388,"Dicembre",1,11,"01/00/00 00:00:00",0,"Originale","BGSD","Fontanini",0,,,"Solutio dotis Sabide filie Dainusii.

[Sub]  dictis millesimo, indicione et die, in canipa domus habitationis Odorici [...]  de Sancto Vito habitantis in Sancto Daniele, presentibus Cumucio PetriMartini, Ioro pelipario condam Odorici, Culuscio condam Iohannis Micole et Iohanne Cucito et Alberto condam ser Artici omnibus suprascriptis de Sancto Daniele et alliis. Cum Adamussius condam Meynarducii de Sancto Daniele teneretur et obligatus esset dare Martino condam Danielis Lupi de Sancto Daniele octo marchas denariorum novorum monete Aquilegie nomine dotium Sabide filie dicti Adamussii et uxoris dicti Martini tempore nuptiarum seu matrimonii antedicti, nunc vero coram dictis testibus et me notario infrascripto dictus Martinus fuit contentus, confessus et manifestus habuisse et integre recepisse a dicto Adamussio decem marchas denariorum novorum monete Aquilegensis, videlicet octo nomine dicte dotis sic premisse et alias duas pro augmento dicte dotis, faciens sibi plenam finem remissione absolutionem et pactum de ulterius non petendo dictam dotem et cetera, necnon absolvens et liberans eum et heredes suos per Aquilianam stipulationem et cetera, renuncians exceptioni dicte finis sic non facte et cetera , promittens dictus Martinus per se et cetera eidem Adamussio stipulanti pro se et cetera dictam finem remissionem et omnia suprascripta perpetuo firma habere et ullo tempore litem non movere sub pena dupli et cetera, qua soluta vel non omnia suprascripta perpetuo perdurent. Insuper dictus Martinus in casu restituende dicte dotis obligavit omnia sua bona presencia et futura et mobillia et inmobillia."
210,35,48,"Codice 38","238","238",1388,"Dicembre",3,11,"01/00/00 00:00:00",0,"Originale","BGSD","Fontanini",0,,,"Debitum Tibaldi.  

Sub dictis millesimo et indicione, die tercia decembris, in Sancto Daniele penes stacionem Francisci aurificis condam ser Antonii habitantis in Sancto Daniele, presentibus dicto Francisco, Petro condam Manicii et Culuscio condam Iohannis Micole de Sancto Daniele et alliis. Bertuluscius condam Mathie de Sancto Daniele per se et cetera et cum obligatione omnium suorum bonorum et cetera promisit et stetit dare et solvere Tibaldo condam ser Nicolay de Susano habitanti in Sancto Daniele stipulanti et recipienti pro se et cetera duas marchas soldorum Veronensium parvulorum hinc ad proximum futurum festum carnisprivii nomine puri et veri mutui in se habiti prout ibidem contentus et confessus fuit, renuncians exceptioni et cetera, promittens dictus debitor eidem creditori solvere et satisfacere sibi in totum et respondere sibi in moni loco et cetera et non probare finem et cetera sub pena dupli et cetera, pro quibus omnibus attendendis et osbservandis dictus debitor obligavit et specialiter pro pignore mobilli designavit eidem creditori unam suam canipam scitam in Sancto Daniele iuxta Marchum de Rivuncicho, iuxta Nicolaum Minisini de Cisterna, iuxta Michaelem fratrem suum et iuxta viam publicam vel si qui et cetera, ita tamen quod licat dicto creditori si sibi non fuerit persolutum eam vendi facere ad incantum non obstantibus aliquibus guerris, diebus feriatis et cetera, vocans se fore convictum et cetera."
211,35,77,"Codice 38","239","239",1388,"Dicembre",3,11,"01/00/00 00:00:00",0,"Originale","BGSD","Fontanini",0,,,"Solutio partis dotis Lene uxoris Petri Nicolay.

Sub dictis millesimo, indicione, die et loco, presentibus providis Nicolao dicto Chizao condam Maeynardi, Dominico filio Iori de Sancto Daniele et Francisco aurifice habitante in Sancto Daniele, Odorico condam Cumucini de Sancto Vito habitante in Sancto Daniele et Galea condam .. de Rodeglano habitante in Sancto Daniele et alliis. Cum Benevenutus condam magistri Averardi de Mels promisisset et stetisset dare et solvere provido Petro condam Nicolay de Sancto Daniele octuaginta marchas denariorum novorum monete Aquilegensis nomine dotis Lene uxoris dicti Petri et sororis dicti Venuti prout plene patet quodam instrumento scripto manu mei Georgii notarii, nunc vero coram dictis testibus et me notario dictus Peteus fuit contentus et confessus habuisse et recepisse super dicta dote promissa a dicto Venuto et ab Andrea condam Pitiani de Sancto Daniele dante et solvente super dicta dote nomine et vice dicti Venuti octuaginta et septem ducatos boni auri et iusti ponderis sumatis omnibus et receptis per dictum Petrum super dicta dote usque ad diem presentem, faciens eidem Andree stipulanti et ibidem recipienti vice et nomine dicti Venuti plenam finem remissione absolutionem et pactum et cetera de dictis octuaginta septem ducatis dicte dotis nomine receptis, renuncians exceptioni et cetera, absolvens et liberans eum et cetera, promittens dictus Petrus per se et cetera eidem Andree stipulanti et recipienti nomine quo supra dictam finem et omnia suprascripta perpetuo firma habere et tenere et litem non movere et non contrafacere et cetera sub pena dupli et cetera, qua soluta vel non omnia suprascripta firma perdurent."
212,70,32,"Codice 38","240","240",1388,"Dicembre",3,1,"01/00/00 00:00:00",0,"Originale","BGSD","Fontanini",0,,,"Procuratorium Clare.

Sub dictis millesimo, indicione et die, in Sancto Daniele penes canipam heredum olim Iohannis Nicolay, presentibus Tibaldo condam ser Nicolay, Venerio dicto Pasero et Martino Chiacigloini omnibus habitantibus in Sancto Daniele et alliis. Clara condam Franciscuti de Sancto Daniele omnibus modo et cetera fecit, constituit et ordinavit providos Martinum Tomasini et Bertrandum de Mels Utini habitantem ac ser Glemonum condam ser Fante et Petrum Nicolay de Sancto Daniele suos veros et certos nuncius et procuratores legiptimos et cetera coram reverendo domino Iohanne patriarcha et cetera in omnibus suis litibus ei motis vel movendis per Fluminum de Cavoryaco et Bernardum eius nepotem et cum quibuscumque aliis occasionibus quibuscumque ad agendum et cetera, promittens et iurans habere ratum et cetera"
213,112,69,"Codice 38","242","242",1388,"Dicembre",6,11,"01/00/00 00:00:00",0,"Originale","BGSD","Fontanini",0,,,"Emptio Iacobi Bertuli.  

Anno Domini millesimo IIIc LXXXVIII, indicione undecima, de vero sexta mensis decembris, in Sancto Daniele sub portucubus domus habitationis Iohannis Petri Canis de Sancto Daniele, presentibus reverendo presbitero Iohanne Bicini, Leonardo condam Cometti et Culao condam Bertuli fabri omnibus suprascriptis de Sancto Daniele et alliis. Mathiusius condam Mich de Sancto Daniele precio et foro octo marcharum soldorum Veronensium parvulorum quod totum precium ipse fuit contentus et confessus habuisse et integre recepisse a Iacobo condam Bertuli de Sancto Daniele, renuncians exceptioni et cetera per se et cetera iure feudi mangani Aquilegensis eccllesie dedit, vendidit et tradidit antedicto Iacobo stipulanti et ementi pro se et cetera duos suos campos scitos in pertinenciis Sancti Danielis quorum hii sunt confines ab una parte posidet P(etru)s Daniele, a secunda Daniel Petri Çudei, a tercia Çunutus Canday et a quarta via publica vel si qui et cetera cum omnibus et singulis que dicti campi habent supra se intra infra se a celo usque ad abissum et cum omnibus suis iuribus, vitibus, arboribus, pascuis et pertinenciis et cetera ad habendum, tenendum et cetera, constituens se et ceetra, solvendo tamen anuatim iure dicti feudi dicto venditori vel eius heredibus in festo sancti Georgii duos denarios Aquilegie et nil aliud prout ibidem afirmatum fuit, promittens dictus venditor per se et ceetra et cum obligatione omnium suorum bonorum et cetera eidem emptori stipulanti pro se et cetera dictam venditionem et omnia suprascripta perpetuo firma habere et ullo tempore litem non movere nec moventi conscentire, sed in iure legiptime defendere et manutenere dictos campos ab omni homine et persona et non contrafacere dicere et cetera sub pena dupli et cetera, qua soluta vel non omnia suprascripta firma perdurent et in nuncium tenute datus fuit Leonardus testis prefatus."
214,125,58,"Codice 38","243","243",1388,"Dicembre",6,11,"01/00/00 00:00:00",0,"Originale","BGSD","Fontanini",0,,,"Locatio Dominici sibi facta per Glemonum.

Sub dictis millesimo, indicione et die, in Sancto Daniele penes fabricam infrascripti Dominici, presentibus Mathiussio condam Mich, Odorico filio Preti de Agaro de Sancto Daniele et Serafino condam Dominici de Pignano habitante in Sancto Daniele et alliis. Ser Glemonus condam ser Fante de Sancto Daniele per se et cetera iure livelli perpetualis Aquilegensis eccllesie iuxta consuetudinem livelorum dedit, locavit et affictavit Dominico fabro condam Vendoy de Murucio habitanti in Sancto Daniele stipulanti et recipienti pro se et cetera unum baiarcium, unam braydam et unam medietatem terre aratorie pastanatis vitibus et arboribus scitos in confinibus et pertinenciis Sancti Danielis cuius baiarcii tales sunt confines iuxta Tomadum fratrem dicti Dominici, iuxta Augustinum preconem, iuxta Nicolaum Brayde et iuxta viam publicam, brayde tales sunt confines iuxta Gurelum, iuxta Iacobum Dominici et iuxta dictum locatorem et iuxta terenum domini abatis de Mocio, confines medietatis iuxta Petrum Saglup et iuxta viam publicam vel si qui et cetera cum omnibus et singulis que sunt supra intra et infra et cum omnibus suis vitibus, arboribus, pascuis et cetera et cum omnibus suis iuribus et cetera ad habendum, tenendum et cetera, constituens se et cetera, solvendo tamen anuatim in festo sancti Michaelis eidem locatori vel suis heredibus iure livelli perpetualis duo staria cum dimidio frumenti, unum starium siliginis et unam quartam avene, unam galinam cum decem ovis et unam spatulam porcinam et nil aliud, promittens dictus locator per se et cetera eidem conductori stipulanti pro se et cetera dictam locationem et omnia suprascripta perpetuo firma et rata habere et ullo tempore litem non movere et cetera, sed in iure legiptime defendere et manutenere ab omni homine et persona et non contrafacere et cetera sub pena dupli et cetera, qua soluta vel non omnia suprascripta firma perdurent."
